,,,,,,,,,,,,,,,,,,,,
ORDER ID,DOCUMENT DATE,SHIP DATE,CUSTOMER ID,CUSTOMER NAME,VENDOR ID,MATERIAL CODE,MATERIAL DESC,CATEGORY,REGION,COUNTRY,SALES SEGMENT,QUANTITY,UNIT PRICE USD,DISCOUNT PCT,FULFILLMENT STATUS,PLANT CODE,PROFIT CENTER,CURRENCY,SAP BATCH ID,
SO-00101706,2024-06-20,2024-07-13,CUST-000222,Customer CUST-000222,V0031,MAT-00185,Consumer Goods - Premium,Consumer Goods,NA,Canada,SMB,252,2301.96,0.29,delivered,PLT07,PC147,GBP,BATCH-6780,
SO-00100110,2022-03-11,2022-03-13,CUST-000005,Customer CUST-000005,V0046,MAT-00039,Machinery - Standard,Machinery,LATAM,Brazil,Enterprise,484,-2045.9,0.02,Pending,PLT10,PC753,JPY,BATCH-8916,
SO-00101464,2022-10-16,2022-10-18,CUST-000198,,V0029,MAT-00079,Machinery - Standard,Machinery,LATAM,Argentina,Enterprise,438,1897.95,0.1,Returned,PLT08,PC206,EUR,BATCH-9972,
SO-00100196,2022-05-10,2022-05-10,CUST-000225,Customer CUST-000225,V0006,MAT-00073,Machinery - Standard,Machinery,NA,Mexico,Enterprise,359,2121.39,0.13,NULL,PLT08,PC260,GBP,BATCH-4602,
SO-00100572,2022-09-21,2022-10-21,CUST-000133,Customer CUST-000133,V0020,MAT-00109,Consumer Goods - Premium,Consumer Goods,LATAM,Brazil,Mid-Market,197,1717.32,0,Delivered,PLT09,PC481,EUR,BATCH-6489,
SO-00101533,2024-04-10,2024-04-29,CUST-000033,,V0033,MAT-00116,Machinery - Standard,Machinery,EMEA,France,SMB,,2491.88,0.07,Cancelled,PLT06,PC988,USD,BATCH-7874,
SO-00100975,2022-04-07,2022-04-28,CUST-000161,Customer CUST-000161,V0006,MAT-00161,Machinery - Standard,Machinery,NA,Canada,Public Sector,162,373.78,0.3,delivered,PLT12,PC575,JPY,BATCH-1194,
SO-00100492,2023-11-06,2023-11-28,CUST-000212,Customer CUST-000212,V0049,MAT-00150,Consumer Goods - Economy,Consumer Goods,NA,Canada,Enterprise,139,1748.17,0.32,In Transit,PLT09,PC346,GBP,BATCH-8830,
SO-00101127,2024-12-05,2024-12-11,CUST-000216,Customer CUST-000216,V0007,MAT-00147,Machinery - Standard,Machinery,EMEA,UK,Enterprise,430,1517.9,0.28,Returned,PLT03,PC539,USD,BATCH-6907,
SO-00101470,2022-06-06,2022-06-17,CUST-000040,Customer CUST-000040,V0026,MAT-00107,Industrial Parts - Premium,Industrial Parts,EMEA,Germany,Enterprise,279,1747.83,0.17,Delivered,PLT10,PC982,GBP,BATCH-6428,
SO-00100360,2022-04-29,2022-05-15,CUST-000271,Customer CUST-000271,V0001,MAT-00072,Industrial Parts - Premium,Industrial Parts,NA,Canada,Enterprise,215,1008,0.24,delivered,PLT08,PC759,USD,BATCH-9919,
SO-00100430,2024-07-04,2024-07-22,CUST-000260,Customer CUST-000260,V0006,MAT-00032,Machinery - Standard,Machinery,EMEA,UK,Enterprise,63,102.66,0.2,Delivered,PLT07,PC773,USD,BATCH-5068,
SO-00100328,2023-09-07,2023-10-02,CUST-000265,Customer CUST-000265,V0012,MAT-00005,Machinery - Standard,Machinery,APAC,Japan,SMB,340,1352.17,0.07,N/A,PLT11,PC943,JPY,BATCH-8656,
SO-00100565,2022-08-25,2022-09-03,CUST-000054,Customer CUST-000054,V0021,MAT-00180,Electronics - Standard,Electronics,EMEA,Netherlands,SMB,244,353.84,0.21,Delivered,PLT03,PC531,EUR,BATCH-6483,
SO-00100957,2024-12-30,2025-01-13,CUST-000169,Customer CUST-000169,V0043,MAT-00011,Consumer Goods - Economy,Consumer Goods,NA,Mexico,Mid-Market,184,-1302.61,0.27,Cancelled,PLT09,PC342,GBP,BATCH-8761,
SO-00100755,2022-06-06,2022-06-13,CUST-000240,,V0033,MAT-00112,Machinery - Standard,Machinery,LATAM,Colombia,Public Sector,90,2061.77,0.1,Delivered,PLT11,PC367,USD,BATCH-7191,
SO-00101606,2023-01-08,2023-01-14,CUST-000197,Customer CUST-000197,V0009,MAT-00069,Electronics - Standard,Electronics,LATAM,Colombia,Enterprise,296,1954.85,0.05,,PLT04,PC578,USD,BATCH-4774,
SO-00101303,2023-09-13,2023-10-01,CUST-000286,Customer CUST-000286,V0020,MAT-00031,Consumer Goods - Economy,Consumer Goods,NA,Mexico,Public Sector,164,1144.26,0.26,delivered,PLT02,PC244,EUR,BATCH-5372,
SO-00100875,2023-10-08,2023-10-23,CUST-000290,Customer CUST-000290,V0029,MAT-00081,Industrial Parts - Standard,Industrial Parts,LATAM,Argentina,SMB,358,2351.54,0.24,In Transit,PLT03,PC980,EUR,BATCH-1831,
SO-00101807,2022-08-01,2022-08-04,CUST-000086,Customer CUST-000086,V0037,MAT-00076,Electronics - Standard,Electronics,APAC,Australia,SMB,495,2257.96,0.23,Delivered,PLT06,PC678,EUR,BATCH-1595,
SO-00101543,2022-04-10,2022-04-26,CUST-000063,Customer CUST-000063,V0001,MAT-00133,Machinery - Standard,Machinery,NA,Mexico,Public Sector,184,81.95,0.06,PENDING,PLT12,PC670,USD,BATCH-5147,
SO-00101085,2024-10-02,2024-10-16,CUST-000050,,V0021,MAT-00104,Consumer Goods - Premium,Consumer Goods,NA,Canada,Mid-Market,62,1778.5,0.11,NULL,PLT04,PC757,USD,BATCH-2200,
SO-00100901,2022-08-27,2022-09-13,CUST-000235,Customer CUST-000235,V0043,MAT-00198,Chemicals - Economy,Chemicals,EMEA,UK,Mid-Market,398,795.25,0.11,Cancelled,PLT01,PC130,GBP,BATCH-2998,
SO-00100640,2023-05-20,2023-06-03,CUST-000210,Customer CUST-000210,V0048,MAT-00070,Industrial Parts - Premium,Industrial Parts,LATAM,Brazil,Mid-Market,452,2305.83,0.24,,PLT07,PC384,USD,BATCH-8998,
SO-00100593,2024-06-25,2024-07-05,CUST-000091,Customer CUST-000091,V0018,MAT-00127,Electronics - Premium,Electronics,NA,Mexico,Public Sector,302,,0.22,NULL,PLT11,PC406,USD,BATCH-9719,
SO-00101313,2024-11-24,2024-12-17,CUST-000086,Customer CUST-000086,V0010,MAT-00152,Machinery - Economy,Machinery,LATAM,Brazil,SMB,418,1568.84,0.26,,PLT09,PC779,USD,BATCH-3602,
SO-00101789,2024-04-10,2024-04-08,CUST-000239,Customer CUST-000239,V0028,MAT-00063,Consumer Goods - Economy,Consumer Goods,NA,USA,Public Sector,57,1222.2,0.07,N/A,PLT06,PC783,USD,BATCH-4706,
SO-00101883,2024-07-29,2024-08-03,CUST-000112,Customer CUST-000112,V0048,MAT-00013,Electronics - Premium,Electronics,APAC,India,Mid-Market,385,2339.65,0.1,Cancelled,PLT10,PC480,JPY,BATCH-3365,
SO-00101518,2023-03-04,2023-03-14,CUST-000082,Customer CUST-000082,V0045,MAT-00103,Chemicals - Standard,Chemicals,APAC,Australia,Public Sector,70,1233.95,0.08,delivered,PLT08,PC243,USD,BATCH-9147,
SO-00101494,2024-12-06,2024-12-04,CUST-000094,Customer CUST-000094,V0013,MAT-00064,Consumer Goods - Standard,Consumer Goods,NA,Canada,Enterprise,,70.94,0.17,PENDING,PLT07,PC445,GBP,BATCH-9043,
SO-00100985,2024-08-20,2024-09-15,CUST-000129,Customer CUST-000129,V0029,MAT-00004,Industrial Parts - Economy,Industrial Parts,NA,Mexico,Public Sector,334,1869.8,0.34,in transit,PLT01,PC737,USD,BATCH-6719,
SO-00100817,2024-05-15,2024-05-20,CUST-000044,Customer CUST-000044,V0004,MAT-00114,Electronics - Standard,Electronics,NA,USA,Public Sector,186,1537.56,0.17,NULL,PLT07,PC333,USD,BATCH-3072,
SO-00101780,2023-09-07,2023-09-27,CUST-000202,Customer CUST-000202,V0018,MAT-00081,Machinery - Premium,Machinery,EMEA,France,Enterprise,488,210.96,0.24,NULL,PLT07,PC357,USD,BATCH-3365,
SO-00101908,2024-01-30,2024-01-30,CUST-000213,Customer CUST-000213,V0027,MAT-00156,Machinery - Standard,Machinery,EMEA,Netherlands,Mid-Market,394,-1136.33,0.24,Delivered,PLT09,PC209,USD,BATCH-7359,
SO-00101177,2022-01-11,2022-01-09,CUST-000275,Customer CUST-000275,V0032,MAT-00035,Electronics - Standard,Electronics,NA,Mexico,Public Sector,496,1597.24,0.28,Pending,PLT04,PC613,JPY,BATCH-2823,
SO-00101118,2023-06-08,2023-06-29,CUST-000167,Customer CUST-000167,V0026,MAT-00007,Industrial Parts - Economy,Industrial Parts,LATAM,Argentina,Enterprise,206,768.34,0.26,Returned,PLT05,PC680,EUR,BATCH-4158,
SO-00101948,2022-03-04,2022-03-06,CUST-000030,Customer CUST-000030,V0050,MAT-00103,Electronics - Economy,Electronics,APAC,India,SMB,292,164.24,0.27,In Transit,PLT03,PC972,USD,BATCH-2230,
SO-00100927,2023-01-11,2023-01-25,CUST-000203,Customer CUST-000203,V0033,MAT-00190,Consumer Goods - Standard,Consumer Goods,EMEA,France,Public Sector,209,523.74,0.04,PENDING,PLT01,PC665,JPY,BATCH-6141,
SO-00101751,2023-02-26,2023-02-24,CUST-000070,Customer CUST-000070,V0030,MAT-00169,Industrial Parts - Standard,Industrial Parts,LATAM,Brazil,Mid-Market,129,1761.4,0.12,in transit,PLT01,PC732,USD,BATCH-3991,
SO-00100204,2022-06-09,2022-06-23,CUST-000257,Customer CUST-000257,V0039,MAT-00002,Consumer Goods - Standard,Consumer Goods,EMEA,Netherlands,Public Sector,193,2431.82,0.08,in transit,PLT02,PC626,JPY,BATCH-5600,
SO-00101594,2024-07-03,2024-07-29,CUST-000093,Customer CUST-000093,V0024,MAT-00148,Industrial Parts - Standard,Industrial Parts,NA,USA,Mid-Market,398,827.69,0.16,Returned,PLT03,PC322,GBP,BATCH-8329,
SO-00100172,2023-02-15,2023-03-06,CUST-000250,Customer CUST-000250,V0050,MAT-00021,Industrial Parts - Premium,Industrial Parts,LATAM,Brazil,Mid-Market,210,2468.04,0.31,In Transit,PLT11,PC159,USD,BATCH-8406,
SO-00100527,2024-09-10,2024-09-21,CUST-000133,Customer CUST-000133,V0029,MAT-00047,Consumer Goods - Premium,Consumer Goods,NA,Canada,Enterprise,210,151.17,0.33,Pending,PLT03,PC332,JPY,BATCH-3858,
SO-00101162,2024-03-16,2024-03-23,CUST-000213,Customer CUST-000213,V0043,MAT-00020,Electronics - Economy,Electronics,EMEA,Germany,Public Sector,152,1415.94,0.21,N/A,PLT09,PC185,USD,BATCH-7449,
SO-00100887,2023-11-27,2023-12-10,CUST-000261,Customer CUST-000261,V0039,MAT-00040,Electronics - Standard,Electronics,LATAM,Argentina,Enterprise,246,1339.77,0.28,PENDING,PLT09,PC382,USD,BATCH-6095,
SO-00101958,2024-11-29,2024-12-19,CUST-000143,Customer CUST-000143,V0006,MAT-00049,Industrial Parts - Economy,Industrial Parts,EMEA,France,Enterprise,483,1892.89,0.15,Returned,PLT08,PC293,USD,BATCH-4302,
SO-00101078,2022-05-31,2022-06-06,CUST-000026,Customer CUST-000026,V0009,MAT-00192,Consumer Goods - Economy,Consumer Goods,LATAM,Colombia,Public Sector,191,1455.78,0.2,In Transit,PLT07,PC288,USD,BATCH-7729,
SO-00101382,2022-03-19,2022-03-23,CUST-000249,Customer CUST-000249,V0039,MAT-00039,Machinery - Economy,Machinery,NA,Mexico,Enterprise,23,201.22,0.1,Cancelled,PLT02,PC650,GBP,BATCH-4393,
SO-00101977,2022-05-03,2022-05-08,CUST-000255,Customer CUST-000255,V0005,MAT-00199,Consumer Goods - Economy,Consumer Goods,LATAM,Colombia,Mid-Market,189,1417.53,0.21,in transit,PLT05,PC592,EUR,BATCH-7345,
SO-00100140,2022-12-02,2022-12-31,CUST-000016,Customer CUST-000016,V0047,MAT-00031,Electronics - Economy,Electronics,NA,USA,Mid-Market,488,870.03,0.18,Returned,PLT02,PC369,JPY,BATCH-2262,
SO-00100185,2022-10-15,2022-11-08,CUST-000056,Customer CUST-000056,V0046,MAT-00087,Chemicals - Economy,Chemicals,NA,USA,Mid-Market,55,639.45,0.07,Cancelled,PLT11,PC702,USD,BATCH-8381,
SO-00101707,2024-06-11,2024-06-28,CUST-000254,Customer CUST-000254,V0035,MAT-00133,Industrial Parts - Economy,Industrial Parts,EMEA,Germany,SMB,169,2201.76,0.32,NULL,PLT08,PC247,EUR,BATCH-6907,
SO-00101886,2022-05-07,2022-05-30,CUST-000029,Customer CUST-000029,V0025,MAT-00067,Electronics - Economy,Electronics,LATAM,Colombia,Mid-Market,103,978.22,0.25,Pending,PLT12,PC967,JPY,BATCH-1908,
SO-00101426,2022-01-03,2022-01-17,CUST-000003,,V0038,MAT-00119,Industrial Parts - Premium,Industrial Parts,APAC,Japan,Mid-Market,192,699.73,0.09,Returned,PLT12,PC439,GBP,BATCH-1450,
SO-00101628,2023-02-24,2023-03-17,CUST-000090,Customer CUST-000090,V0047,MAT-00136,Electronics - Premium,Electronics,EMEA,Germany,SMB,206,604.19,0.32,Returned,PLT02,PC534,EUR,BATCH-5352,
SO-00101640,2024-02-28,2024-03-21,CUST-000026,Customer CUST-000026,V0044,MAT-00013,Consumer Goods - Standard,Consumer Goods,EMEA,France,Mid-Market,468,159.84,0.33,in transit,PLT10,PC638,USD,BATCH-1843,
SO-00100241,2022-04-25,2022-05-14,CUST-000196,Customer CUST-000196,V0039,MAT-00003,Electronics - Premium,Electronics,APAC,Japan,Public Sector,179,2200.08,0.15,,PLT09,PC678,USD,BATCH-6354,
SO-00100544,2024-07-05,2024-07-29,CUST-000067,Customer CUST-000067,V0040,MAT-00085,,Consumer Goods,EMEA,France,Enterprise,114,1433.4,0.06,NULL,PLT12,PC121,EUR,BATCH-2478,
SO-00100674,2022-03-15,2022-03-26,CUST-000078,Customer CUST-000078,V0026,MAT-00055,Machinery - Economy,Machinery,NA,USA,Mid-Market,118,1458.93,0,In Transit,PLT10,PC388,USD,BATCH-7132,
SO-00101037,2022-11-17,2022-12-07,CUST-000237,Customer CUST-000237,V0015,MAT-00033,Electronics - Premium,Electronics,LATAM,Colombia,SMB,316,1822.68,0.29,NULL,PLT03,PC653,USD,BATCH-3622,
SO-00100447,2022-09-24,2022-10-13,CUST-000300,Customer CUST-000300,V0018,MAT-00054,Machinery - Standard,Machinery,NA,Mexico,Enterprise,185,1854.52,0.13,,PLT11,PC860,GBP,BATCH-2971,
SO-00100840,2023-12-21,2023-12-26,CUST-000216,Customer CUST-000216,V0026,MAT-00054,Electronics - Economy,Electronics,APAC,Australia,Public Sector,37,1188.83,0.15,N/A,PLT11,PC228,USD,BATCH-9432,
SO-00101508,2024-12-31,2025-01-28,CUST-000213,Customer CUST-000213,V0004,MAT-00036,Industrial Parts - Economy,Industrial Parts,EMEA,UK,Public Sector,366,901.2,0.14,Cancelled,PLT08,PC828,EUR,BATCH-2570,
SO-00100002,2023-04-12,2023-04-28,CUST-000108,Customer CUST-000108,V0024,MAT-00091,Electronics - Economy,Electronics,APAC,Australia,Enterprise,41,2139.02,0.3,In Transit,PLT11,PC173,GBP,BATCH-3803,
SO-00101425,2022-08-23,2022-09-17,CUST-000114,Customer CUST-000114,V0046,MAT-00102,Industrial Parts - Premium,Industrial Parts,EMEA,Netherlands,SMB,393,1434.95,0.3,PENDING,PLT10,PC494,GBP,BATCH-8720,
SO-00100375,2022-03-05,2022-03-31,CUST-000190,Customer CUST-000190,V0008,MAT-00119,Electronics - Standard,Electronics,LATAM,Colombia,Enterprise,345,312.92,0.34,Delivered,PLT12,PC120,USD,BATCH-6862,
SO-00100372,2024-04-13,2024-05-09,CUST-000217,Customer CUST-000217,V0016,MAT-00138,Machinery - Standard,Machinery,EMEA,UK,SMB,43,2116.46,0.18,In Transit,PLT01,PC932,EUR,BATCH-5739,
SO-00100955,2024-11-08,2024-11-18,CUST-000176,Customer CUST-000176,V0034,MAT-00162,Electronics - Economy,Electronics,APAC,India,SMB,411,1522.62,0.18,in transit,PLT09,PC209,EUR,BATCH-5799,
SO-00100108,2024-11-16,2024-12-15,CUST-000024,Customer CUST-000024,V0021,MAT-00106,Consumer Goods - Standard,Consumer Goods,APAC,Singapore,SMB,239,251.03,0.34,delivered,PLT01,PC367,GBP,BATCH-7841,
SO-00100816,2022-07-19,2022-07-31,CUST-000158,Customer CUST-000158,V0024,MAT-00100,Electronics - Standard,Electronics,APAC,Australia,Public Sector,497,1137.07,0.05,N/A,PLT05,PC176,JPY,BATCH-3558,
SO-00101828,2022-12-12,2022-12-25,CUST-000130,Customer CUST-000130,V0029,MAT-00025,Electronics - Standard,Electronics,LATAM,Brazil,SMB,339,1648.66,0.35,PENDING,PLT11,PC303,USD,BATCH-9185,
SO-00101301,2024-01-28,2024-02-24,CUST-000264,Customer CUST-000264,V0012,MAT-00017,Machinery - Standard,Machinery,APAC,Australia,Enterprise,382,2103.75,0.34,Pending,PLT05,PC192,USD,BATCH-5845,
SO-00100892,2024-12-23,2025-01-03,CUST-000199,Customer CUST-000199,V0005,MAT-00159,Industrial Parts - Standard,Industrial Parts,LATAM,Argentina,Enterprise,62,2360.56,0.01,Returned,PLT04,PC221,EUR,BATCH-8976,
SO-00100610,2023-04-02,2023-04-05,CUST-000001,Customer CUST-000001,V0029,MAT-00035,Consumer Goods - Premium,Consumer Goods,EMEA,Germany,Enterprise,215,2470.54,0.04,N/A,PLT03,PC430,JPY,BATCH-9847,
SO-00101787,2022-10-25,2022-11-19,CUST-000284,Customer CUST-000284,V0038,MAT-00125,Electronics - Economy,Electronics,LATAM,Brazil,Mid-Market,463,1420.93,0.3,PENDING,PLT11,PC721,EUR,BATCH-4247,
SO-00100071,2022-10-11,2022-10-25,CUST-000083,Customer CUST-000083,V0019,MAT-00022,Machinery - Standard,Machinery,LATAM,Brazil,Mid-Market,27,1604.74,0.31,Pending,PLT07,PC193,USD,BATCH-8391,
SO-00100854,2022-08-03,2022-08-18,CUST-000196,Customer CUST-000196,V0035,MAT-00192,Chemicals - Standard,Chemicals,APAC,India,Mid-Market,430,1126.29,0.05,NULL,PLT04,PC951,GBP,BATCH-4709,
SO-00101273,2022-01-15,2022-02-01,CUST-000173,Customer CUST-000173,V0043,MAT-00017,Consumer Goods - Economy,Consumer Goods,EMEA,France,Mid-Market,225,1031.33,0.25,PENDING,PLT10,PC391,USD,BATCH-6061,
SO-00100034,2024-10-02,2024-10-06,CUST-000034,Customer CUST-000034,V0031,MAT-00030,Industrial Parts - Economy,Industrial Parts,NA,Mexico,SMB,447,35.6,0.1,Returned,PLT11,PC154,USD,BATCH-3444,
SO-00100386,2022-02-14,2022-02-23,CUST-000157,Customer CUST-000157,V0022,MAT-00054,Industrial Parts - Premium,Industrial Parts,APAC,Australia,Mid-Market,432,658.16,0.04,Pending,PLT11,PC275,GBP,BATCH-8106,
SO-00100037,2023-06-29,2023-07-06,CUST-000156,Customer CUST-000156,V0008,MAT-00120,Industrial Parts - Economy,Industrial Parts,NA,Mexico,Mid-Market,37,153.8,0.28,in transit,PLT09,PC605,EUR,BATCH-2317,
SO-00101813,2024-11-27,2024-12-04,CUST-000267,Customer CUST-000267,V0046,MAT-00029,Consumer Goods - Standard,Consumer Goods,APAC,India,SMB,439,811.23,0.25,Delivered,PLT02,PC422,JPY,BATCH-8090,
SO-00101693,2023-11-25,2023-11-29,CUST-000150,Customer CUST-000150,V0027,MAT-00160,Electronics - Standard,Electronics,APAC,Singapore,SMB,156,841.47,0.1,PENDING,PLT09,PC539,USD,BATCH-2710,
SO-00100895,2022-08-29,2022-09-01,CUST-000165,Customer CUST-000165,V0042,MAT-00143,Chemicals - Economy,Chemicals,EMEA,Netherlands,Mid-Market,152,2421.8,0.09,delivered,PLT09,PC970,GBP,BATCH-1643,
SO-00100754,2024-01-31,2024-02-01,CUST-000259,Customer CUST-000259,V0044,MAT-00030,Machinery - Premium,Machinery,LATAM,Brazil,Public Sector,404,-1578.96,0.34,PENDING,PLT03,PC187,GBP,BATCH-3423,
SO-00100903,2022-12-02,2022-12-01,CUST-000068,Customer CUST-000068,V0030,MAT-00116,Industrial Parts - Premium,Industrial Parts,NA,USA,Public Sector,355,1324.95,0.28,in transit,PLT07,PC292,USD,BATCH-8668,
SO-00101794,2024-10-03,2024-10-04,CUST-000177,Customer CUST-000177,V0024,MAT-00056,Industrial Parts - Economy,Industrial Parts,APAC,Japan,Mid-Market,368,436.72,0.23,in transit,PLT02,PC775,USD,BATCH-3544,
SO-00101039,2024-02-05,2024-02-04,CUST-000212,Customer CUST-000212,V0024,MAT-00193,,Machinery,EMEA,Netherlands,SMB,,1808.35,0.18,in transit,PLT01,PC658,USD,BATCH-2692,
SO-00101934,2024-12-12,2025-01-08,CUST-000175,Customer CUST-000175,V0002,MAT-00014,Electronics - Premium,Electronics,EMEA,Netherlands,Mid-Market,,2309.21,0.26,In Transit,PLT03,PC507,USD,BATCH-8903,
SO-00101684,2024-06-18,2024-06-22,CUST-000202,Customer CUST-000202,V0039,MAT-00054,Industrial Parts - Premium,Industrial Parts,NA,Canada,SMB,,575.31,0.3,Cancelled,PLT07,PC204,EUR,BATCH-7695,
SO-00101225,2022-10-08,2022-11-02,CUST-000002,Customer CUST-000002,V0050,MAT-00118,Industrial Parts - Standard,Industrial Parts,EMEA,Germany,Enterprise,267,171.62,0.3,Returned,PLT02,PC948,USD,BATCH-1595,
SO-00101446,2022-08-02,2022-08-29,CUST-000056,Customer CUST-000056,V0022,MAT-00174,Chemicals - Economy,Chemicals,APAC,Singapore,Enterprise,396,1515.7,0.15,Pending,PLT04,PC358,USD,BATCH-1543,
SO-00100415,2023-02-16,2023-02-17,CUST-000086,Customer CUST-000086,V0040,MAT-00028,Industrial Parts - Standard,Industrial Parts,NA,Canada,Mid-Market,384,460.91,0.27,,PLT05,PC165,USD,BATCH-1486,
SO-00100507,2022-01-13,2022-02-09,CUST-000050,Customer CUST-000050,V0007,MAT-00086,Chemicals - Economy,Chemicals,NA,Canada,Mid-Market,414,1908.67,0.18,,PLT06,PC985,USD,BATCH-2989,
SO-00101479,2023-07-26,2023-08-03,CUST-000025,Customer CUST-000025,V0006,MAT-00033,Consumer Goods - Economy,Consumer Goods,EMEA,UK,SMB,216,-690.09,0.17,Delivered,PLT09,PC129,JPY,BATCH-2922,
SO-00100127,2024-07-12,2024-07-13,CUST-000210,Customer CUST-000210,V0042,MAT-00127,Consumer Goods - Premium,Consumer Goods,APAC,Australia,Mid-Market,444,900.8,0,N/A,PLT08,PC271,USD,BATCH-1505,
SO-00100504,2023-07-09,2023-07-16,CUST-000198,Customer CUST-000198,V0016,MAT-00174,Electronics - Standard,Electronics,APAC,Singapore,Mid-Market,376,495.83,0.2,delivered,PLT05,PC409,GBP,BATCH-6091,
SO-00101976,2023-08-01,2023-08-08,CUST-000241,Customer CUST-000241,V0034,MAT-00011,Electronics - Standard,Electronics,EMEA,France,Public Sector,441,708.64,0.15,Cancelled,PLT09,PC214,USD,BATCH-2749,
SO-00100630,2023-03-17,2023-04-12,CUST-000277,Customer CUST-000277,V0010,MAT-00197,Chemicals - Standard,Chemicals,LATAM,Colombia,Mid-Market,159,1348.3,0.24,PENDING,PLT10,PC154,JPY,BATCH-6871,
SO-00101509,2024-12-10,2025-01-06,CUST-000296,Customer CUST-000296,V0032,MAT-00187,Electronics - Standard,Electronics,NA,Canada,Mid-Market,492,98.61,0.31,Delivered,PLT02,PC407,EUR,BATCH-5223,
SO-00101587,2022-01-11,2022-01-30,CUST-000206,Customer CUST-000206,V0003,MAT-00034,Chemicals - Economy,Chemicals,NA,Canada,SMB,80,1061.2,0.22,,PLT03,PC351,USD,BATCH-7546,
SO-00100090,2022-02-04,2022-02-25,CUST-000243,Customer CUST-000243,V0002,MAT-00153,Chemicals - Economy,Chemicals,LATAM,Argentina,SMB,170,1686.15,0.34,,PLT10,PC333,JPY,BATCH-1841,
SO-00101734,2024-05-02,2024-05-25,CUST-000194,Customer CUST-000194,V0035,MAT-00013,Chemicals - Economy,Chemicals,EMEA,France,SMB,54,119.7,0.04,Pending,PLT09,PC495,JPY,BATCH-9518,
SO-00100660,2022-11-29,2022-12-22,CUST-000124,Customer CUST-000124,V0023,MAT-00189,Industrial Parts - Economy,Industrial Parts,EMEA,UK,SMB,326,2090.92,0.1,Returned,PLT05,PC388,USD,BATCH-2059,
SO-00101906,2022-11-21,2022-12-11,CUST-000035,Customer CUST-000035,V0032,MAT-00031,Machinery - Economy,Machinery,APAC,Australia,Public Sector,149,967.6,0.01,PENDING,PLT09,PC960,JPY,BATCH-8246,
SO-00100795,2024-09-12,2024-10-10,CUST-000108,Customer CUST-000108,V0006,MAT-00094,Electronics - Premium,Electronics,APAC,Japan,Enterprise,85,121.99,0.18,Delivered,PLT08,PC210,USD,BATCH-6370,
SO-00100217,2022-06-10,2022-07-09,CUST-000141,Customer CUST-000141,V0032,MAT-00148,Electronics - Economy,Electronics,APAC,Australia,Enterprise,315,21.53,0.3,delivered,PLT05,PC507,USD,BATCH-3101,
SO-00100396,2024-03-11,2024-03-19,CUST-000159,Customer CUST-000159,V0009,MAT-00053,Chemicals - Premium,Chemicals,NA,USA,SMB,57,327.2,0.15,Cancelled,PLT03,PC718,GBP,BATCH-6084,
SO-00101723,2022-11-25,2022-12-19,CUST-000077,Customer CUST-000077,V0004,MAT-00119,Industrial Parts - Premium,Industrial Parts,APAC,Singapore,SMB,302,236.8,0.05,,PLT07,PC835,GBP,BATCH-4915,
SO-00100477,2024-05-27,2024-06-17,CUST-000146,Customer CUST-000146,V0028,MAT-00163,Chemicals - Standard,Chemicals,APAC,Japan,Mid-Market,91,1384.12,0.06,,PLT02,PC925,USD,BATCH-2468,
SO-00101441,2023-10-05,2023-10-24,CUST-000138,Customer CUST-000138,V0009,MAT-00063,Industrial Parts - Premium,Industrial Parts,EMEA,UK,Public Sector,415,301.61,0.22,In Transit,PLT10,PC437,USD,BATCH-4981,
SO-00100596,2023-04-14,2023-04-28,CUST-000218,Customer CUST-000218,V0029,MAT-00079,Consumer Goods - Standard,Consumer Goods,APAC,India,Public Sector,242,2336.15,0.29,delivered,PLT07,PC156,EUR,BATCH-6793,
SO-00100976,2022-02-10,2022-02-15,CUST-000158,Customer CUST-000158,V0037,MAT-00122,Chemicals - Premium,Chemicals,APAC,Australia,Mid-Market,63,1441.3,0.28,In Transit,PLT02,PC349,JPY,BATCH-7989,
SO-00100804,2024-01-14,2024-01-29,CUST-000233,Customer CUST-000233,V0033,MAT-00199,Consumer Goods - Standard,Consumer Goods,LATAM,Colombia,SMB,248,343.49,0.05,Pending,PLT12,PC204,EUR,BATCH-1869,
SO-00100479,2024-11-05,2024-11-21,CUST-000017,,V0001,MAT-00107,Industrial Parts - Premium,Industrial Parts,LATAM,Brazil,SMB,138,2199.62,0.09,Cancelled,PLT09,PC939,JPY,BATCH-6201,
SO-00100412,2024-09-05,2024-09-05,CUST-000076,Customer CUST-000076,V0039,MAT-00117,Industrial Parts - Economy,Industrial Parts,LATAM,Argentina,Mid-Market,472,2033.75,0.22,Returned,PLT03,PC112,USD,BATCH-2512,
SO-00101048,2023-09-12,2023-10-10,CUST-000286,Customer CUST-000286,V0049,MAT-00044,Electronics - Economy,Electronics,NA,Mexico,Mid-Market,253,108.41,0.17,Cancelled,PLT01,PC269,USD,BATCH-8655,
SO-00101810,2022-06-13,2022-07-01,CUST-000230,Customer CUST-000230,V0022,MAT-00113,Consumer Goods - Standard,Consumer Goods,LATAM,Brazil,SMB,61,560.04,0.29,Delivered,PLT10,PC239,JPY,BATCH-3208,
SO-00100350,2023-01-15,2023-01-18,CUST-000088,Customer CUST-000088,V0008,MAT-00004,Industrial Parts - Premium,Industrial Parts,APAC,Singapore,Mid-Market,,2455.55,0.09,PENDING,PLT11,PC862,GBP,BATCH-8974,
SO-00100744,2022-02-10,2022-02-28,CUST-000218,Customer CUST-000218,V0047,MAT-00079,Industrial Parts - Economy,Industrial Parts,EMEA,Netherlands,Enterprise,394,,0.19,Pending,PLT04,PC743,EUR,BATCH-6847,
SO-00100561,2022-05-06,2022-05-08,CUST-000259,Customer CUST-000259,V0039,MAT-00051,Chemicals - Standard,Chemicals,NA,Mexico,Public Sector,99,2063.49,0.18,Returned,PLT05,PC380,GBP,BATCH-6745,
SO-00101950,2022-06-12,2022-07-07,CUST-000174,Customer CUST-000174,V0007,MAT-00161,Electronics - Economy,Electronics,LATAM,Colombia,Mid-Market,472,1280.48,0.14,delivered,PLT07,PC500,USD,BATCH-3406,
SO-00101816,2022-04-20,2022-05-09,CUST-000099,Customer CUST-000099,V0009,MAT-00104,,Chemicals,EMEA,France,SMB,40,795.4,0.31,,PLT11,PC307,USD,BATCH-5412,
SO-00101825,2023-12-22,2023-12-24,CUST-000213,Customer CUST-000213,V0047,MAT-00199,Machinery - Standard,Machinery,LATAM,Brazil,Mid-Market,392,2094.65,0.22,PENDING,PLT03,PC987,EUR,BATCH-1100,
SO-00100339,2023-03-18,2023-04-03,CUST-000231,Customer CUST-000231,V0016,MAT-00159,Machinery - Economy,Machinery,EMEA,Netherlands,Mid-Market,373,1694.59,0.15,Returned,PLT11,PC569,USD,BATCH-1169,
SO-00101157,2024-10-22,2024-11-14,CUST-000220,Customer CUST-000220,V0033,MAT-00111,Industrial Parts - Standard,Industrial Parts,EMEA,UK,SMB,153,1932.43,0.1,NULL,PLT12,PC929,GBP,BATCH-6842,
SO-00100259,2024-08-22,2024-08-28,CUST-000293,Customer CUST-000293,V0004,MAT-00028,Consumer Goods - Standard,Consumer Goods,NA,Canada,Enterprise,63,1738.08,0.1,NULL,PLT08,PC841,JPY,BATCH-5705,
SO-00101955,2022-02-06,2022-02-26,CUST-000079,Customer CUST-000079,V0031,MAT-00147,Consumer Goods - Premium,Consumer Goods,APAC,India,Public Sector,,1413.83,0.11,delivered,PLT12,PC256,EUR,BATCH-7524,
SO-00100869,2022-06-27,2022-07-27,CUST-000240,Customer CUST-000240,V0037,MAT-00134,Consumer Goods - Standard,Consumer Goods,NA,USA,Public Sector,294,1964.09,0.2,In Transit,PLT07,PC452,USD,BATCH-5212,
SO-00101874,2023-11-10,2023-11-23,CUST-000126,Customer CUST-000126,V0037,MAT-00180,Chemicals - Premium,Chemicals,EMEA,Germany,SMB,189,1660.15,0.28,PENDING,PLT04,PC233,JPY,BATCH-1894,
SO-00100788,2024-06-06,2024-06-20,CUST-000034,Customer CUST-000034,V0033,MAT-00142,Machinery - Premium,Machinery,APAC,Japan,Mid-Market,260,2422.82,0.23,NULL,PLT11,PC658,GBP,BATCH-8501,
SO-00100506,2024-05-25,2024-06-21,CUST-000155,Customer CUST-000155,V0049,MAT-00036,Consumer Goods - Premium,Consumer Goods,APAC,Singapore,Public Sector,216,,0.16,Pending,PLT03,PC735,GBP,BATCH-5806,
SO-00101278,2023-05-26,2023-06-04,CUST-000296,Customer CUST-000296,V0022,MAT-00006,Consumer Goods - Economy,Consumer Goods,APAC,Singapore,Mid-Market,197,2359.72,0.33,Cancelled,PLT11,PC635,GBP,BATCH-7114,
SO-00101417,2022-06-24,2022-07-13,CUST-000247,Customer CUST-000247,V0045,MAT-00043,Chemicals - Standard,Chemicals,NA,Canada,Public Sector,163,1757.69,0.21,PENDING,PLT03,PC464,GBP,BATCH-2605,
SO-00100058,2023-12-19,2024-01-09,CUST-000286,,V0040,MAT-00173,Electronics - Economy,Electronics,EMEA,Netherlands,Mid-Market,59,1907.7,0.2,NULL,PLT05,PC129,USD,BATCH-5477,
SO-00100325,2024-01-02,2024-01-26,CUST-000173,Customer CUST-000173,V0020,MAT-00030,Consumer Goods - Standard,Consumer Goods,LATAM,Brazil,Public Sector,180,145.84,0.09,Pending,PLT08,PC773,EUR,BATCH-9433,
SO-00101534,2023-09-06,2023-09-07,CUST-000042,Customer CUST-000042,V0043,MAT-00190,Electronics - Standard,Electronics,APAC,India,Public Sector,109,1194.96,0.09,Pending,PLT06,PC145,USD,BATCH-7636,
SO-00101583,2024-12-02,2024-12-19,CUST-000005,Customer CUST-000005,V0033,MAT-00115,Machinery - Standard,Machinery,LATAM,Colombia,SMB,492,1682.07,0.24,PENDING,PLT08,PC692,USD,BATCH-1735,
SO-00100740,2022-08-08,2022-08-27,CUST-000266,Customer CUST-000266,V0025,MAT-00169,Chemicals - Standard,Chemicals,NA,Mexico,Enterprise,106,1120.45,0.05,PENDING,PLT11,PC249,USD,BATCH-7376,
SO-00100681,2024-01-16,2024-01-19,CUST-000165,Customer CUST-000165,V0035,MAT-00038,Consumer Goods - Standard,Consumer Goods,LATAM,Brazil,Enterprise,307,921.41,0.29,N/A,PLT10,PC511,USD,BATCH-8659,
SO-00101806,2023-04-21,2023-04-21,CUST-000269,Customer CUST-000269,V0032,MAT-00018,Machinery - Standard,Machinery,APAC,Australia,Public Sector,284,1512.93,0.04,PENDING,PLT06,PC400,USD,BATCH-9872,
SO-00100858,2023-10-07,2023-10-24,CUST-000009,Customer CUST-000009,V0047,MAT-00198,Industrial Parts - Standard,Industrial Parts,LATAM,Argentina,Mid-Market,,2166.55,0.21,Cancelled,PLT01,PC478,USD,BATCH-6397,
SO-00101309,2022-06-20,2022-07-20,CUST-000169,Customer CUST-000169,V0007,MAT-00100,Consumer Goods - Standard,Consumer Goods,NA,Mexico,Enterprise,498,1823.05,0.18,Delivered,PLT04,PC627,GBP,BATCH-9063,
SO-00100278,2022-09-17,2022-10-17,CUST-000090,Customer CUST-000090,V0048,MAT-00029,Electronics - Economy,Electronics,NA,Canada,Public Sector,40,2129.36,0.1,Delivered,PLT08,PC478,USD,BATCH-5280,
SO-00100669,2024-05-16,2024-05-14,CUST-000076,Customer CUST-000076,V0024,MAT-00120,Chemicals - Standard,Chemicals,EMEA,France,Mid-Market,153,-656.16,0.05,Pending,PLT10,PC554,USD,BATCH-2765,
SO-00100928,2022-04-13,2022-04-20,CUST-000097,Customer CUST-000097,V0030,MAT-00068,Machinery - Premium,Machinery,EMEA,France,Public Sector,454,2012.77,0.03,Pending,PLT01,PC258,USD,BATCH-9791,
SO-00101343,2023-11-20,2023-11-25,CUST-000052,Customer CUST-000052,V0036,MAT-00147,Industrial Parts - Standard,Industrial Parts,NA,USA,SMB,362,2403.51,0.16,delivered,PLT10,PC500,EUR,BATCH-1176,
SO-00100007,2024-12-26,2025-01-01,CUST-000103,Customer CUST-000103,V0035,MAT-00194,Electronics - Economy,Electronics,NA,Mexico,Public Sector,66,1651.08,0.33,Cancelled,PLT11,PC482,EUR,BATCH-9479,
SO-00101819,2023-05-08,2023-05-22,CUST-000163,Customer CUST-000163,V0040,MAT-00043,Consumer Goods - Standard,Consumer Goods,NA,Canada,Mid-Market,445,1832.2,0.32,N/A,PLT02,PC367,USD,BATCH-1838,
SO-00100200,2022-10-03,2022-10-22,CUST-000144,Customer CUST-000144,V0039,MAT-00021,Consumer Goods - Economy,Consumer Goods,EMEA,Netherlands,SMB,450,1202.49,0.16,,PLT04,PC369,JPY,BATCH-2252,
SO-00101420,2024-05-21,2024-05-28,CUST-000083,Customer CUST-000083,V0036,MAT-00075,,Machinery,LATAM,Brazil,Mid-Market,493,891.09,0.34,delivered,PLT01,PC656,USD,BATCH-6922,
SO-00101025,2023-11-22,2023-12-10,CUST-000069,Customer CUST-000069,V0022,MAT-00026,Machinery - Economy,Machinery,APAC,India,Mid-Market,382,1913.47,0.3,in transit,PLT08,PC618,USD,BATCH-6592,
SO-00101318,2024-08-31,2024-09-07,CUST-000086,Customer CUST-000086,V0020,MAT-00198,Machinery - Standard,Machinery,NA,Mexico,SMB,89,2305.3,0.05,Cancelled,PLT10,PC743,GBP,BATCH-5162,
SO-00100142,2023-10-18,2023-11-02,CUST-000036,Customer CUST-000036,V0003,MAT-00103,Chemicals - Premium,Chemicals,EMEA,France,Mid-Market,423,199.33,0.13,N/A,PLT06,PC188,GBP,BATCH-8483,
SO-00101595,2024-08-20,2024-08-20,CUST-000292,Customer CUST-000292,V0036,MAT-00080,Chemicals - Premium,Chemicals,EMEA,France,Mid-Market,9,1236.18,0.25,Returned,PLT12,PC965,USD,BATCH-8149,
SO-00100020,2023-10-05,2023-10-10,CUST-000216,Customer CUST-000216,V0009,MAT-00050,Machinery - Economy,Machinery,NA,Mexico,SMB,369,2250.62,0.18,N/A,PLT03,PC730,GBP,BATCH-5930,
SO-00101238,2022-12-25,2023-01-09,CUST-000291,,V0049,MAT-00051,Electronics - Standard,Electronics,APAC,Japan,SMB,206,-1161.39,0.26,NULL,PLT12,PC601,USD,BATCH-6156,
SO-00100206,2022-12-07,2022-12-21,CUST-000111,Customer CUST-000111,V0019,MAT-00022,Electronics - Premium,Electronics,NA,Mexico,Mid-Market,,454.19,0.34,,PLT03,PC324,EUR,BATCH-3338,
SO-00101513,2022-02-13,2022-03-11,CUST-000223,Customer CUST-000223,V0046,MAT-00181,Electronics - Standard,Electronics,NA,USA,Public Sector,24,2027.8,0.17,PENDING,PLT03,PC137,EUR,BATCH-1575,
SO-00100899,2024-06-01,2024-06-12,CUST-000157,Customer CUST-000157,V0037,MAT-00086,Electronics - Standard,Electronics,LATAM,Argentina,Public Sector,464,704.49,0.03,Delivered,PLT07,PC710,USD,BATCH-6293,
SO-00101374,2023-06-17,2023-06-18,CUST-000032,Customer CUST-000032,V0047,MAT-00181,Consumer Goods - Premium,Consumer Goods,LATAM,Brazil,SMB,366,2303.09,0.06,In Transit,PLT05,PC684,USD,BATCH-4218,
SO-00100450,2024-02-26,2024-03-19,CUST-000258,Customer CUST-000258,V0033,MAT-00117,Machinery - Premium,Machinery,NA,USA,Public Sector,206,-1520.01,0.07,Delivered,PLT04,PC403,JPY,BATCH-5399,
SO-00101123,2022-04-10,2022-04-22,CUST-000222,Customer CUST-000222,V0001,MAT-00150,Consumer Goods - Premium,Consumer Goods,NA,USA,Enterprise,16,2457.88,0.27,NULL,PLT10,PC596,GBP,BATCH-8978,
SO-00100848,2023-04-22,2023-05-22,CUST-000157,Customer CUST-000157,V0028,MAT-00066,Electronics - Premium,Electronics,EMEA,France,Mid-Market,,2197.23,0.13,,PLT06,PC857,USD,BATCH-4224,
SO-00101450,2024-10-02,2024-10-26,CUST-000132,Customer CUST-000132,V0029,MAT-00040,Consumer Goods - Standard,Consumer Goods,APAC,Singapore,Mid-Market,7,,0.15,Returned,PLT06,PC572,USD,BATCH-8422,
SO-00101698,2022-10-13,2022-10-14,CUST-000176,Customer CUST-000176,V0031,MAT-00054,Chemicals - Premium,Chemicals,APAC,India,Mid-Market,427,2427.05,0.27,In Transit,PLT07,PC595,USD,BATCH-2185,
SO-00100361,2023-02-09,2023-02-26,CUST-000048,Customer CUST-000048,V0019,MAT-00055,Chemicals - Premium,Chemicals,LATAM,Argentina,SMB,44,97.24,0.12,N/A,PLT11,PC263,USD,BATCH-1456,
SO-00101149,2024-03-28,2024-04-25,CUST-000130,Customer CUST-000130,V0015,MAT-00017,Machinery - Economy,Machinery,APAC,Singapore,SMB,73,,0.32,Cancelled,PLT12,PC812,USD,BATCH-7124,
SO-00100687,2023-06-01,2023-06-04,CUST-000241,,V0016,MAT-00155,Chemicals - Economy,Chemicals,NA,Canada,Enterprise,43,617.25,0.29,delivered,PLT08,PC321,GBP,BATCH-7727,
SO-00101221,2022-10-18,2022-11-04,CUST-000149,,V0043,MAT-00033,Machinery - Economy,Machinery,LATAM,Colombia,Mid-Market,202,1349.12,0.09,in transit,PLT12,PC791,JPY,BATCH-3314,
SO-00100455,2022-09-28,2022-10-11,CUST-000174,Customer CUST-000174,V0035,MAT-00189,Electronics - Standard,Electronics,NA,USA,Enterprise,395,,0.05,Pending,PLT08,PC877,GBP,BATCH-8279,
SO-00101423,2022-05-16,2022-05-24,CUST-000263,Customer CUST-000263,V0006,MAT-00009,Consumer Goods - Economy,Consumer Goods,LATAM,Brazil,Public Sector,,1829.77,0.11,delivered,PLT05,PC827,USD,BATCH-3110,
SO-00101967,2022-10-07,2022-10-22,CUST-000036,Customer CUST-000036,V0015,MAT-00119,Electronics - Premium,Electronics,EMEA,UK,SMB,252,1205.71,0.34,delivered,PLT02,PC428,USD,BATCH-4544,
SO-00101666,2023-01-27,2023-02-09,CUST-000216,Customer CUST-000216,V0034,MAT-00081,,Consumer Goods,NA,Canada,SMB,299,460.84,0.03,Cancelled,PLT01,PC856,EUR,BATCH-2223,
SO-00100701,2023-07-22,2023-08-07,CUST-000012,Customer CUST-000012,V0016,MAT-00039,Consumer Goods - Standard,Consumer Goods,NA,USA,Enterprise,221,605.5,0.08,delivered,PLT03,PC925,EUR,BATCH-4328,
SO-00101469,2023-05-24,2023-05-25,CUST-000212,Customer CUST-000212,V0005,MAT-00138,Industrial Parts - Premium,Industrial Parts,LATAM,Argentina,SMB,110,2093.31,0.34,in transit,PLT08,PC993,USD,BATCH-7854,
SO-00101167,2023-07-12,2023-07-12,CUST-000106,Customer CUST-000106,V0027,MAT-00124,Industrial Parts - Standard,Industrial Parts,NA,USA,Public Sector,390,1887.1,0.07,,PLT05,PC146,GBP,BATCH-9937,
SO-00100587,2023-06-17,2023-07-06,CUST-000076,Customer CUST-000076,V0049,MAT-00036,,Industrial Parts,NA,Canada,Public Sector,152,1724.54,0.12,Delivered,PLT06,PC677,USD,BATCH-5771,
SO-00101296,2024-03-06,2024-03-28,CUST-000257,Customer CUST-000257,V0017,MAT-00117,Machinery - Premium,Machinery,NA,USA,Enterprise,17,774.28,0.11,Pending,PLT05,PC947,USD,BATCH-1043,
SO-00101122,2024-11-15,2024-11-27,CUST-000024,Customer CUST-000024,V0027,MAT-00050,Electronics - Premium,Electronics,LATAM,Argentina,Public Sector,,799.1,0.16,Cancelled,PLT03,PC317,GBP,BATCH-7737,
SO-00101405,2022-11-28,2022-12-10,CUST-000029,Customer CUST-000029,V0016,MAT-00001,Consumer Goods - Economy,Consumer Goods,LATAM,Argentina,SMB,291,2464.17,0.17,delivered,PLT10,PC284,EUR,BATCH-7622,
SO-00101851,2022-03-12,2022-03-19,CUST-000262,Customer CUST-000262,V0005,MAT-00082,Chemicals - Premium,Chemicals,LATAM,Brazil,Mid-Market,378,872.61,0.09,NULL,PLT03,PC443,EUR,BATCH-1887,
SO-00100441,2024-05-27,2024-06-05,CUST-000003,Customer CUST-000003,V0048,MAT-00112,Consumer Goods - Standard,Consumer Goods,LATAM,Colombia,SMB,275,2029.8,0.04,delivered,PLT02,PC294,USD,BATCH-1659,
SO-00101791,2023-02-21,2023-02-20,CUST-000167,Customer CUST-000167,V0014,MAT-00192,Chemicals - Premium,Chemicals,NA,USA,Mid-Market,112,1882.23,0.11,PENDING,PLT07,PC182,USD,BATCH-9435,
SO-00101233,2023-01-23,2023-02-16,CUST-000101,,V0032,MAT-00164,Industrial Parts - Premium,Industrial Parts,EMEA,UK,Mid-Market,310,531,0.04,Delivered,PLT03,PC494,JPY,BATCH-7938,
SO-00100556,2023-10-25,2023-10-27,CUST-000061,Customer CUST-000061,V0033,MAT-00195,Electronics - Premium,Electronics,EMEA,UK,Public Sector,459,2424.76,0.05,Returned,PLT12,PC585,USD,BATCH-6107,
SO-00101737,2022-02-26,2022-02-28,CUST-000187,Customer CUST-000187,V0038,MAT-00026,Industrial Parts - Standard,Industrial Parts,NA,USA,Mid-Market,198,541.58,0.18,Cancelled,PLT04,PC933,EUR,BATCH-4552,
SO-00101797,2024-04-16,2024-05-06,CUST-000168,Customer CUST-000168,V0007,MAT-00146,Electronics - Economy,Electronics,NA,USA,Public Sector,226,1037.76,0.12,PENDING,PLT11,PC934,USD,BATCH-3146,
SO-00100051,2022-08-27,2022-09-02,CUST-000190,Customer CUST-000190,V0025,MAT-00117,Chemicals - Economy,Chemicals,LATAM,Argentina,SMB,24,2365.92,0.11,In Transit,PLT07,PC701,JPY,BATCH-3531,
SO-00100036,2022-06-03,2022-06-11,CUST-000037,Customer CUST-000037,V0045,MAT-00117,Machinery - Economy,Machinery,EMEA,UK,Mid-Market,2,1024.25,0.24,Returned,PLT10,PC777,USD,BATCH-7965,
SO-00100945,2022-06-03,2022-06-13,CUST-000249,Customer CUST-000249,V0008,MAT-00073,Industrial Parts - Economy,Industrial Parts,EMEA,Netherlands,Mid-Market,94,47.68,0.24,Cancelled,PLT12,PC986,USD,BATCH-2475,
SO-00101889,2022-09-18,2022-10-01,CUST-000216,,V0031,MAT-00068,Electronics - Premium,Electronics,EMEA,Netherlands,Enterprise,112,1940.95,0.29,Cancelled,PLT09,PC964,GBP,BATCH-5704,
SO-00101178,2023-04-15,2023-04-22,CUST-000099,Customer CUST-000099,V0010,MAT-00135,Industrial Parts - Economy,Industrial Parts,NA,Canada,Mid-Market,283,,0.06,delivered,PLT05,PC132,USD,BATCH-5471,
SO-00101876,2023-10-29,2023-11-14,CUST-000225,Customer CUST-000225,V0022,MAT-00192,Industrial Parts - Premium,Industrial Parts,LATAM,Argentina,Enterprise,400,1594.85,0.34,N/A,PLT11,PC152,USD,BATCH-5600,
SO-00101929,2023-03-01,2023-03-13,CUST-000054,Customer CUST-000054,V0033,MAT-00005,Electronics - Standard,Electronics,APAC,Australia,SMB,97,503.27,0.23,Pending,PLT03,PC355,EUR,BATCH-3214,
SO-00101688,2023-03-20,2023-04-18,CUST-000287,Customer CUST-000287,V0036,MAT-00146,Consumer Goods - Standard,Consumer Goods,LATAM,Argentina,Public Sector,35,906.17,0.12,Delivered,PLT01,PC781,GBP,BATCH-6920,
SO-00101968,2024-04-21,2024-05-15,CUST-000294,Customer CUST-000294,V0006,MAT-00026,Chemicals - Premium,Chemicals,NA,Canada,Enterprise,349,2229.8,0.02,Cancelled,PLT12,PC195,USD,BATCH-6445,
SO-00100845,2022-07-24,2022-07-27,CUST-000004,Customer CUST-000004,V0025,MAT-00016,Consumer Goods - Standard,Consumer Goods,NA,USA,Mid-Market,191,2277.24,0.3,,PLT02,PC585,GBP,BATCH-9458,
SO-00100606,2024-09-28,2024-10-18,CUST-000058,Customer CUST-000058,V0017,MAT-00131,,Electronics,NA,USA,Mid-Market,384,2488.42,0.15,in transit,PLT07,PC922,EUR,BATCH-7558,
SO-00101348,2023-04-20,2023-05-08,CUST-000224,Customer CUST-000224,V0030,MAT-00119,,Consumer Goods,APAC,Japan,Public Sector,107,601.47,0.13,PENDING,PLT05,PC329,USD,BATCH-6318,
SO-00101190,2023-01-14,2023-01-21,CUST-000116,Customer CUST-000116,V0024,MAT-00159,Electronics - Economy,Electronics,NA,Canada,SMB,24,1047.88,0.23,Cancelled,PLT01,PC102,USD,BATCH-1355,
SO-00101912,2023-10-18,2023-11-05,CUST-000024,Customer CUST-000024,V0041,MAT-00039,Machinery - Standard,Machinery,APAC,Japan,Enterprise,271,1121.65,0.07,in transit,PLT01,PC912,USD,BATCH-2403,
SO-00101740,2023-10-03,2023-10-19,CUST-000069,Customer CUST-000069,V0029,MAT-00003,Electronics - Standard,Electronics,LATAM,Brazil,SMB,369,1234.57,0.15,N/A,PLT01,PC964,USD,BATCH-1872,
SO-00100637,2022-06-18,2022-07-17,CUST-000029,Customer CUST-000029,V0050,MAT-00176,Chemicals - Standard,Chemicals,LATAM,Colombia,Public Sector,13,1230.64,0.11,Returned,PLT05,PC701,JPY,BATCH-9893,
SO-00101578,2023-10-06,2023-10-10,CUST-000222,Customer CUST-000222,V0041,MAT-00149,Electronics - Premium,Electronics,EMEA,UK,SMB,24,2006.4,0.31,in transit,PLT08,PC387,JPY,BATCH-7996,
SO-00101260,2024-03-04,2024-04-03,CUST-000278,Customer CUST-000278,V0002,MAT-00072,Chemicals - Economy,Chemicals,APAC,India,SMB,463,1210.18,0.01,Delivered,PLT04,PC511,JPY,BATCH-4719,
SO-00101269,2023-10-05,2023-10-27,CUST-000173,Customer CUST-000173,V0034,MAT-00170,Electronics - Economy,Electronics,APAC,Singapore,Mid-Market,112,-1941.07,0.21,PENDING,PLT10,PC538,JPY,BATCH-6011,
SO-00100146,2024-08-12,2024-08-30,CUST-000156,Customer CUST-000156,V0006,MAT-00041,Chemicals - Standard,Chemicals,EMEA,Germany,Mid-Market,209,306.24,0.13,Pending,PLT04,PC955,USD,BATCH-3430,
SO-00100410,2024-07-17,2024-08-02,CUST-000257,Customer CUST-000257,V0001,MAT-00004,Consumer Goods - Premium,Consumer Goods,APAC,India,Public Sector,193,1407.54,0.17,Cancelled,PLT07,PC504,JPY,BATCH-7113,
SO-00100918,2023-09-20,2023-10-07,CUST-000104,Customer CUST-000104,V0006,MAT-00108,Chemicals - Economy,Chemicals,LATAM,Argentina,Public Sector,279,1665.13,0.15,Returned,PLT01,PC363,USD,BATCH-1541,
SO-00101317,2022-08-17,2022-09-09,CUST-000259,Customer CUST-000259,V0014,MAT-00090,Consumer Goods - Standard,Consumer Goods,NA,Canada,Public Sector,226,,0.15,NULL,PLT07,PC903,USD,BATCH-1616,
SO-00100666,2024-07-04,2024-07-25,CUST-000285,Customer CUST-000285,V0031,MAT-00072,Electronics - Economy,Electronics,APAC,India,Enterprise,214,619.04,0.33,,PLT04,PC230,USD,BATCH-4750,
SO-00101201,2023-03-18,2023-04-01,CUST-000096,Customer CUST-000096,V0024,MAT-00002,Machinery - Premium,Machinery,NA,Mexico,Public Sector,351,2193.95,0.3,,PLT08,PC663,JPY,BATCH-1102,
SO-00100300,2024-01-21,2024-01-30,CUST-000245,Customer CUST-000245,V0035,MAT-00030,Consumer Goods - Economy,Consumer Goods,APAC,India,Enterprise,332,1399.18,0.02,Cancelled,PLT04,PC871,JPY,BATCH-4693,
SO-00101791,2023-02-21,2023-02-20,CUST-000167,Customer CUST-000167,V0014,MAT-00192,Chemicals - Premium,Chemicals,NA,USA,Mid-Market,112,1882.23,0.11,PENDING,PLT07,PC182,USD,BATCH-9435,
SO-00100888,2022-10-10,2022-10-18,CUST-000118,Customer CUST-000118,V0009,MAT-00161,Machinery - Standard,Machinery,NA,Mexico,Enterprise,370,1886.21,0.06,N/A,PLT05,PC190,USD,BATCH-5566,
SO-00101907,2022-07-05,2022-08-01,CUST-000282,Customer CUST-000282,V0049,MAT-00052,Machinery - Economy,Machinery,EMEA,France,SMB,344,,0.18,delivered,PLT07,PC446,GBP,BATCH-8818,
SO-00100229,2022-07-04,2022-07-11,CUST-000170,Customer CUST-000170,V0045,MAT-00009,Industrial Parts - Standard,Industrial Parts,LATAM,Argentina,Enterprise,8,1236.48,0.12,in transit,PLT01,PC372,EUR,BATCH-2169,
SO-00101552,2022-04-03,2022-04-10,CUST-000265,Customer CUST-000265,V0037,MAT-00175,Consumer Goods - Standard,Consumer Goods,LATAM,Argentina,Mid-Market,50,2320.29,0.15,NULL,PLT01,PC923,JPY,BATCH-7272,
SO-00101831,2023-08-28,2023-09-10,CUST-000204,Customer CUST-000204,V0032,MAT-00065,Industrial Parts - Standard,Industrial Parts,EMEA,France,Enterprise,28,621.43,0.34,In Transit,PLT09,PC335,GBP,BATCH-5615,
SO-00100694,2023-06-22,2023-07-16,CUST-000116,Customer CUST-000116,V0026,MAT-00116,Industrial Parts - Economy,Industrial Parts,EMEA,Netherlands,SMB,31,1882.17,0.02,delivered,PLT09,PC516,JPY,BATCH-3576,
SO-00101354,2024-01-03,2024-01-08,CUST-000104,Customer CUST-000104,V0011,MAT-00074,Industrial Parts - Standard,Industrial Parts,NA,USA,Public Sector,67,1386.98,0.15,,PLT01,PC906,USD,BATCH-4533,
SO-00101480,2022-10-22,2022-11-03,CUST-000009,Customer CUST-000009,V0003,MAT-00139,Chemicals - Standard,Chemicals,EMEA,Netherlands,Enterprise,127,892.86,0.19,Pending,PLT04,PC568,USD,BATCH-4239,
SO-00100721,2023-06-17,2023-06-25,CUST-000084,Customer CUST-000084,V0022,MAT-00171,Machinery - Premium,Machinery,EMEA,Germany,Public Sector,330,1941.31,0.18,PENDING,PLT09,PC413,USD,BATCH-7571,
SO-00100474,2023-12-02,2023-12-19,CUST-000293,Customer CUST-000293,V0023,MAT-00178,,Chemicals,EMEA,Germany,Enterprise,85,500.52,0.33,PENDING,PLT10,PC303,USD,BATCH-3369,
SO-00101675,2022-12-28,2022-12-30,CUST-000188,Customer CUST-000188,V0048,MAT-00194,Industrial Parts - Economy,Industrial Parts,NA,USA,SMB,346,776.68,0.06,Cancelled,PLT03,PC423,EUR,BATCH-2964,
SO-00100737,2022-08-01,2022-07-31,CUST-000003,Customer CUST-000003,V0016,MAT-00105,Machinery - Economy,Machinery,APAC,Australia,Mid-Market,241,549.95,0.25,N/A,PLT12,PC894,USD,BATCH-9071,
SO-00101165,2024-04-10,2024-04-21,CUST-000006,Customer CUST-000006,V0041,MAT-00077,Consumer Goods - Premium,Consumer Goods,LATAM,Argentina,SMB,470,2040.78,0.21,NULL,PLT09,PC966,JPY,BATCH-2309,
SO-00101241,2024-06-08,2024-06-30,CUST-000284,Customer CUST-000284,V0034,MAT-00050,Machinery - Premium,Machinery,LATAM,Colombia,Mid-Market,464,462.03,0.23,Cancelled,PLT06,PC182,USD,BATCH-8067,
SO-00100911,2024-03-23,2024-04-21,CUST-000288,Customer CUST-000288,V0050,MAT-00032,,Consumer Goods,NA,Mexico,Enterprise,142,265.83,0.08,Returned,PLT11,PC173,USD,BATCH-7313,
SO-00100586,2022-09-12,2022-09-16,CUST-000174,Customer CUST-000174,V0027,MAT-00169,Chemicals - Premium,Chemicals,APAC,India,Public Sector,75,2118.44,0.27,delivered,PLT04,PC370,USD,BATCH-6407,
SO-00100141,2024-10-20,2024-10-28,CUST-000007,Customer CUST-000007,V0001,MAT-00012,Electronics - Premium,Electronics,LATAM,Colombia,SMB,189,397.49,0.27,N/A,PLT03,PC283,USD,BATCH-7870,
SO-00100377,2022-09-18,2022-10-02,CUST-000273,Customer CUST-000273,V0002,MAT-00178,Electronics - Premium,Electronics,NA,Mexico,Mid-Market,478,1426.91,0.08,,PLT01,PC537,JPY,BATCH-1849,
SO-00100397,2022-01-16,2022-01-23,CUST-000295,,V0030,MAT-00119,Industrial Parts - Economy,Industrial Parts,EMEA,Netherlands,SMB,229,164.61,0.14,in transit,PLT08,PC455,JPY,BATCH-5873,
SO-00101911,2023-12-18,2024-01-07,CUST-000227,Customer CUST-000227,V0021,MAT-00191,Consumer Goods - Premium,Consumer Goods,LATAM,Colombia,Public Sector,230,1962.73,0.26,Delivered,PLT01,PC400,USD,BATCH-3930,
SO-00100237,2022-06-09,2022-06-20,CUST-000092,Customer CUST-000092,V0016,MAT-00146,Consumer Goods - Economy,Consumer Goods,NA,Mexico,Enterprise,492,1301.12,0.04,,PLT02,PC884,JPY,BATCH-6864,
SO-00101156,2024-12-30,2025-01-16,CUST-000082,Customer CUST-000082,V0008,MAT-00055,Consumer Goods - Premium,Consumer Goods,NA,USA,Mid-Market,108,562.95,0.04,PENDING,PLT07,PC795,USD,BATCH-6460,
SO-00100562,2022-06-26,2022-07-23,CUST-000006,Customer CUST-000006,V0050,MAT-00044,Machinery - Standard,Machinery,NA,Canada,Public Sector,46,295.07,0.03,Delivered,PLT12,PC352,USD,BATCH-4130,
SO-00101990,2022-05-07,2022-06-04,CUST-000158,Customer CUST-000158,V0014,MAT-00194,Machinery - Standard,Machinery,LATAM,Argentina,Public Sector,320,1276.51,0.07,Cancelled,PLT04,PC889,EUR,BATCH-5909,
SO-00101910,2023-03-18,2023-03-18,CUST-000227,Customer CUST-000227,V0008,MAT-00109,Machinery - Premium,Machinery,NA,Mexico,SMB,209,1400.37,0.24,N/A,PLT06,PC782,EUR,BATCH-1752,
SO-00101523,2024-07-24,2024-08-20,CUST-000085,Customer CUST-000085,V0002,MAT-00061,Machinery - Economy,Machinery,EMEA,Germany,Mid-Market,468,2291.14,0.24,delivered,PLT11,PC530,USD,BATCH-6944,
SO-00101891,2024-01-11,2024-01-17,CUST-000078,Customer CUST-000078,V0001,MAT-00171,Consumer Goods - Economy,Consumer Goods,EMEA,UK,Mid-Market,354,1369.25,0.19,Cancelled,PLT03,PC722,USD,BATCH-4859,
SO-00100838,2022-01-06,2022-01-29,CUST-000095,Customer CUST-000095,V0015,MAT-00084,Machinery - Premium,Machinery,EMEA,France,Enterprise,237,2084.15,0.05,Pending,PLT09,PC532,GBP,BATCH-9821,
SO-00101369,2023-08-24,2023-09-21,CUST-000215,Customer CUST-000215,V0039,MAT-00017,Industrial Parts - Premium,Industrial Parts,NA,Mexico,SMB,298,2161.04,0.34,Delivered,PLT07,PC230,USD,BATCH-3749,
SO-00101352,2022-01-22,2022-02-21,CUST-000094,Customer CUST-000094,V0025,MAT-00186,Industrial Parts - Economy,Industrial Parts,APAC,Singapore,Enterprise,,2391.81,0.13,PENDING,PLT07,PC169,USD,BATCH-9509,
SO-00101483,2022-10-21,2022-10-22,CUST-000161,Customer CUST-000161,V0026,MAT-00167,Consumer Goods - Economy,Consumer Goods,EMEA,France,Mid-Market,483,1135.56,0.23,Pending,PLT12,PC289,USD,BATCH-5904,
SO-00100262,2023-11-24,2023-12-22,CUST-000212,Customer CUST-000212,V0022,MAT-00119,Consumer Goods - Economy,Consumer Goods,NA,USA,Mid-Market,470,1188.88,0.01,N/A,PLT05,PC678,JPY,BATCH-6169,
SO-00101084,2024-12-29,2025-01-04,CUST-000052,Customer CUST-000052,V0027,MAT-00105,Chemicals - Premium,Chemicals,NA,Mexico,SMB,,15.76,0.17,NULL,PLT08,PC256,JPY,BATCH-5757,
SO-00100367,2022-09-29,2022-10-05,CUST-000210,Customer CUST-000210,V0040,MAT-00171,Machinery - Premium,Machinery,APAC,India,Public Sector,259,1592.97,0.27,Pending,PLT09,PC146,JPY,BATCH-8259,
SO-00100454,2022-11-30,2022-12-09,CUST-000270,Customer CUST-000270,V0026,MAT-00026,Consumer Goods - Standard,Consumer Goods,EMEA,France,Enterprise,419,988.52,0.21,,PLT10,PC202,EUR,BATCH-7291,
SO-00101196,2022-03-24,2022-03-23,CUST-000077,Customer CUST-000077,V0037,MAT-00179,Electronics - Standard,Electronics,EMEA,France,Mid-Market,481,1867.41,0.16,N/A,PLT04,PC246,USD,BATCH-8165,
SO-00100284,2024-06-21,2024-06-23,CUST-000112,Customer CUST-000112,V0050,MAT-00111,Industrial Parts - Premium,Industrial Parts,NA,Canada,SMB,252,2448.66,0.07,N/A,PLT12,PC365,USD,BATCH-1571,
SO-00101896,2022-06-02,2022-06-22,CUST-000166,Customer CUST-000166,V0021,MAT-00013,Machinery - Premium,Machinery,LATAM,Brazil,Enterprise,1,457.39,0.17,Returned,PLT01,PC427,JPY,BATCH-1063,
SO-00100179,2022-04-04,2022-04-02,CUST-000191,Customer CUST-000191,V0047,MAT-00024,Electronics - Premium,Electronics,LATAM,Argentina,Enterprise,437,350.29,0.23,Returned,PLT07,PC567,USD,BATCH-7319,
SO-00101246,2023-05-12,2023-06-04,CUST-000068,Customer CUST-000068,V0016,MAT-00066,Machinery - Premium,Machinery,NA,USA,SMB,153,918.84,0.3,Pending,PLT07,PC577,USD,BATCH-2047,
SO-00100488,2023-10-21,2023-11-02,CUST-000294,Customer CUST-000294,V0043,MAT-00020,Machinery - Premium,Machinery,APAC,Australia,Public Sector,288,170.26,0.1,NULL,PLT06,PC932,USD,BATCH-4246,
SO-00101125,2022-04-03,2022-04-09,CUST-000182,Customer CUST-000182,V0015,MAT-00024,Consumer Goods - Standard,Consumer Goods,EMEA,France,Enterprise,337,2456.56,0,Delivered,PLT06,PC633,USD,BATCH-1287,
SO-00100431,2024-06-30,2024-07-06,CUST-000051,Customer CUST-000051,V0014,MAT-00177,Machinery - Standard,Machinery,APAC,Japan,SMB,296,1228.65,0.11,N/A,PLT04,PC245,USD,BATCH-4526,
SO-00100735,2023-03-11,2023-03-14,CUST-000296,Customer CUST-000296,V0046,MAT-00141,Industrial Parts - Economy,Industrial Parts,APAC,Singapore,Enterprise,119,127.45,0.11,Pending,PLT11,PC404,USD,BATCH-7613,
SO-00100308,2024-11-13,2024-11-14,CUST-000180,Customer CUST-000180,V0019,MAT-00089,Consumer Goods - Economy,Consumer Goods,LATAM,Brazil,Public Sector,466,1668.58,0.14,Delivered,PLT02,PC320,JPY,BATCH-8278,
SO-00100299,2022-03-08,2022-03-24,CUST-000172,Customer CUST-000172,V0006,MAT-00159,Machinery - Economy,Machinery,LATAM,Argentina,SMB,219,1883.46,0.24,,PLT06,PC152,USD,BATCH-7274,
SO-00101198,2024-03-05,2024-03-25,CUST-000074,Customer CUST-000074,V0024,MAT-00017,Electronics - Premium,Electronics,NA,USA,SMB,84,1752.32,0.14,Cancelled,PLT06,PC325,USD,BATCH-9011,
SO-00100863,2022-05-30,2022-06-26,CUST-000071,Customer CUST-000071,V0043,MAT-00192,Industrial Parts - Standard,Industrial Parts,NA,Mexico,SMB,185,842.36,0.11,Pending,PLT02,PC198,GBP,BATCH-3370,
SO-00101680,2024-01-18,2024-01-29,CUST-000195,,V0019,MAT-00168,Consumer Goods - Standard,Consumer Goods,LATAM,Brazil,Public Sector,255,1159.28,0.08,,PLT01,PC966,USD,BATCH-1399,
SO-00100829,2022-08-18,2022-08-21,CUST-000016,Customer CUST-000016,V0043,MAT-00131,Industrial Parts - Economy,Industrial Parts,EMEA,France,Public Sector,500,1113.92,0.01,Returned,PLT07,PC366,USD,BATCH-9767,
SO-00101730,2022-11-01,2022-11-18,CUST-000157,Customer CUST-000157,V0046,MAT-00173,Consumer Goods - Economy,Consumer Goods,NA,USA,Mid-Market,457,2447.46,0.07,Pending,PLT05,PC126,EUR,BATCH-8086,
SO-00101137,2023-04-01,2023-04-16,CUST-000033,Customer CUST-000033,V0005,MAT-00080,Machinery - Standard,Machinery,EMEA,Germany,Public Sector,364,2056.31,0.09,Pending,PLT11,PC818,USD,BATCH-3496,
SO-00101561,2023-02-28,2023-03-05,CUST-000236,Customer CUST-000236,V0030,MAT-00080,Chemicals - Premium,Chemicals,LATAM,Brazil,SMB,160,1830.93,0.31,N/A,PLT01,PC570,USD,BATCH-4623,
SO-00101151,2024-05-20,2024-05-24,CUST-000044,Customer CUST-000044,V0031,MAT-00063,Chemicals - Premium,Chemicals,EMEA,Netherlands,Public Sector,264,489.83,0.24,N/A,PLT02,PC166,USD,BATCH-4749,
SO-00101342,2024-05-29,2024-06-25,CUST-000011,Customer CUST-000011,V0039,MAT-00175,Machinery - Economy,Machinery,APAC,India,SMB,153,277.42,0.21,Cancelled,PLT01,PC678,JPY,BATCH-8971,
SO-00100528,2022-03-20,2022-03-29,CUST-000181,Customer CUST-000181,V0017,MAT-00005,Electronics - Standard,Electronics,EMEA,Germany,Mid-Market,351,1269.26,0.15,Returned,PLT06,PC211,USD,BATCH-9305,
SO-00101720,2022-05-01,2022-05-05,CUST-000277,Customer CUST-000277,V0031,MAT-00159,Consumer Goods - Premium,Consumer Goods,NA,USA,Enterprise,107,2212.33,0.29,In Transit,PLT09,PC285,USD,BATCH-8314,
SO-00100438,2024-12-17,2024-12-17,CUST-000069,Customer CUST-000069,V0005,MAT-00094,Industrial Parts - Premium,Industrial Parts,LATAM,Argentina,SMB,311,1124.39,0.06,In Transit,PLT08,PC488,USD,BATCH-7115,
SO-00101062,2023-09-01,2023-09-04,CUST-000086,Customer CUST-000086,V0031,MAT-00179,Consumer Goods - Economy,Consumer Goods,LATAM,Argentina,Enterprise,266,935.05,0.18,in transit,PLT05,PC442,USD,BATCH-8445,
SO-00100116,2022-11-12,2022-12-04,CUST-000139,Customer CUST-000139,V0029,MAT-00093,Consumer Goods - Premium,Consumer Goods,EMEA,Germany,Enterprise,365,1960.81,0.05,Returned,PLT08,PC670,GBP,BATCH-9395,
SO-00101713,2023-08-05,2023-08-11,CUST-000025,Customer CUST-000025,V0031,MAT-00145,Machinery - Standard,Machinery,EMEA,UK,Public Sector,221,1315.4,0.13,PENDING,PLT11,PC936,EUR,BATCH-2262,
SO-00101186,2023-05-29,2023-06-07,CUST-000170,Customer CUST-000170,V0008,MAT-00185,Industrial Parts - Premium,Industrial Parts,APAC,Australia,Mid-Market,109,-757.2,0,Returned,PLT10,PC210,USD,BATCH-9758,
SO-00100004,2023-06-27,2023-07-03,CUST-000261,Customer CUST-000261,V0015,MAT-00036,Industrial Parts - Standard,Industrial Parts,LATAM,Argentina,Public Sector,127,1863.75,0.19,delivered,PLT03,PC742,USD,BATCH-7916,
SO-00101991,2022-12-26,2023-01-10,CUST-000061,Customer CUST-000061,V0040,MAT-00157,Machinery - Economy,Machinery,EMEA,UK,Public Sector,320,707.11,0.19,delivered,PLT05,PC530,USD,BATCH-1645,
SO-00100046,2024-02-23,2024-03-07,CUST-000280,Customer CUST-000280,V0030,MAT-00074,Machinery - Premium,Machinery,EMEA,UK,Enterprise,255,2282.51,0.05,Delivered,PLT10,PC406,JPY,BATCH-7951,
SO-00100594,2024-10-27,2024-11-13,CUST-000084,Customer CUST-000084,V0031,MAT-00127,Machinery - Economy,Machinery,EMEA,France,SMB,321,1102.91,0.34,N/A,PLT05,PC196,EUR,BATCH-6610,
SO-00100298,2023-09-17,2023-09-25,CUST-000095,Customer CUST-000095,V0046,MAT-00104,Chemicals - Premium,Chemicals,EMEA,Germany,Enterprise,361,1150.91,0.2,In Transit,PLT12,PC748,USD,BATCH-2158,
SO-00101916,2022-03-20,2022-04-01,CUST-000209,Customer CUST-000209,V0018,MAT-00166,Chemicals - Economy,Chemicals,APAC,Singapore,Enterprise,121,876.95,0.27,Returned,PLT01,PC888,USD,BATCH-1571,
SO-00100326,2022-02-15,2022-03-05,CUST-000258,Customer CUST-000258,V0022,MAT-00128,Chemicals - Standard,Chemicals,LATAM,Colombia,Enterprise,194,1428.03,0.11,Cancelled,PLT10,PC406,USD,BATCH-8143,
SO-00101517,2023-11-18,2023-11-21,CUST-000176,Customer CUST-000176,V0008,MAT-00033,Industrial Parts - Economy,Industrial Parts,APAC,Japan,Public Sector,222,1289.78,0.05,delivered,PLT10,PC707,USD,BATCH-2013,
SO-00100419,2024-02-28,2024-03-15,CUST-000255,Customer CUST-000255,V0003,MAT-00033,Electronics - Economy,Electronics,APAC,India,Public Sector,311,491.72,0.05,N/A,PLT09,PC995,EUR,BATCH-3753,
SO-00100340,2023-03-11,2023-04-02,CUST-000024,,V0031,MAT-00091,Chemicals - Premium,Chemicals,LATAM,Brazil,SMB,363,1061.11,0.21,Cancelled,PLT05,PC504,JPY,BATCH-7076,
SO-00101651,2022-07-31,2022-08-08,CUST-000236,Customer CUST-000236,V0011,MAT-00199,Machinery - Standard,Machinery,APAC,Australia,Mid-Market,408,2320.12,0.2,,PLT08,PC855,USD,BATCH-5492,
SO-00101911,2023-12-18,2024-01-07,CUST-000227,Customer CUST-000227,V0021,MAT-00191,Consumer Goods - Premium,Consumer Goods,LATAM,Colombia,Public Sector,230,1962.73,0.26,Delivered,PLT01,PC400,USD,BATCH-3930,
SO-00100517,2023-05-10,2023-06-09,CUST-000017,Customer CUST-000017,V0042,MAT-00008,Machinery - Premium,Machinery,EMEA,France,Enterprise,160,1001.05,0.02,Returned,PLT01,PC242,USD,BATCH-9963,
SO-00101321,2023-12-16,2024-01-09,CUST-000165,Customer CUST-000165,V0006,MAT-00092,Machinery - Economy,Machinery,NA,USA,Mid-Market,228,1848.52,0.32,In Transit,PLT11,PC322,GBP,BATCH-5028,
SO-00101044,2022-01-31,2022-02-22,CUST-000068,Customer CUST-000068,V0040,MAT-00026,Electronics - Economy,Electronics,APAC,Singapore,Mid-Market,94,1490.27,0.3,delivered,PLT04,PC202,EUR,BATCH-7101,
SO-00100194,2024-02-07,2024-03-08,CUST-000276,Customer CUST-000276,V0007,MAT-00043,Machinery - Standard,Machinery,APAC,Singapore,Enterprise,412,1274.3,0.17,Pending,PLT11,PC744,USD,BATCH-7950,
SO-00101409,2024-12-31,2025-01-26,CUST-000122,Customer CUST-000122,V0015,MAT-00154,Industrial Parts - Economy,Industrial Parts,LATAM,Colombia,Public Sector,8,258.55,0.1,Delivered,PLT02,PC841,GBP,BATCH-7473,
SO-00101736,2023-04-12,2023-04-25,CUST-000300,Customer CUST-000300,V0031,MAT-00108,Machinery - Standard,Machinery,APAC,Singapore,Enterprise,445,-258.23,0.09,Returned,PLT08,PC605,GBP,BATCH-5058,
SO-00100571,2024-02-26,2024-03-06,CUST-000204,Customer CUST-000204,V0012,MAT-00042,Consumer Goods - Premium,Consumer Goods,APAC,India,Enterprise,218,381.12,0.11,PENDING,PLT02,PC454,JPY,BATCH-2661,
SO-00101665,2022-03-24,2022-04-06,CUST-000055,Customer CUST-000055,V0013,MAT-00146,Consumer Goods - Premium,Consumer Goods,NA,Canada,Public Sector,321,1586.04,0.04,NULL,PLT04,PC777,EUR,BATCH-3297,
SO-00100374,2023-06-20,2023-07-16,CUST-000002,Customer CUST-000002,V0045,MAT-00035,,Consumer Goods,LATAM,Brazil,SMB,140,618.59,0.34,Delivered,PLT01,PC788,USD,BATCH-7769,
SO-00101381,2022-03-27,2022-04-12,CUST-000229,Customer CUST-000229,V0027,MAT-00153,Consumer Goods - Standard,Consumer Goods,LATAM,Colombia,Enterprise,79,141.56,0.21,,PLT11,PC320,JPY,BATCH-7921,
SO-00100113,2023-11-10,2023-11-14,CUST-000039,Customer CUST-000039,V0018,MAT-00012,Chemicals - Economy,Chemicals,EMEA,Germany,Public Sector,459,1322.76,0.01,in transit,PLT10,PC773,USD,BATCH-3938,
SO-00101839,2023-01-06,2023-02-02,CUST-000156,Customer CUST-000156,V0032,MAT-00185,Industrial Parts - Economy,Industrial Parts,LATAM,Brazil,SMB,451,-595.67,0.25,NULL,PLT08,PC306,JPY,BATCH-8365,
SO-00100426,2022-10-24,2022-11-04,CUST-000193,Customer CUST-000193,V0044,MAT-00038,Consumer Goods - Standard,Consumer Goods,EMEA,Netherlands,Public Sector,112,2011.87,0.07,Pending,PLT01,PC198,USD,BATCH-8763,
SO-00101183,2023-07-24,2023-08-02,CUST-000184,Customer CUST-000184,V0045,MAT-00077,Electronics - Economy,Electronics,LATAM,Colombia,SMB,295,2237.51,0,Delivered,PLT07,PC115,EUR,BATCH-2092,
SO-00101542,2022-10-05,2022-10-06,CUST-000259,Customer CUST-000259,V0036,MAT-00169,Machinery - Standard,Machinery,APAC,Singapore,Public Sector,220,1971.14,0.08,PENDING,PLT01,PC696,JPY,BATCH-7339,
SO-00100423,2024-08-01,2024-08-19,CUST-000018,Customer CUST-000018,V0010,MAT-00192,Machinery - Economy,Machinery,NA,Canada,Enterprise,75,2041.29,0.1,Returned,PLT02,PC380,JPY,BATCH-8836,
SO-00100620,2023-07-28,2023-08-12,CUST-000249,Customer CUST-000249,V0001,MAT-00026,Electronics - Economy,Electronics,LATAM,Colombia,Enterprise,464,632.92,0.18,Pending,PLT07,PC781,USD,BATCH-2703,
SO-00101545,2023-06-22,2023-07-11,CUST-000021,Customer CUST-000021,V0037,MAT-00168,Chemicals - Premium,Chemicals,NA,Canada,Mid-Market,204,1083.33,0.2,delivered,PLT02,PC412,USD,BATCH-1263,
SO-00100109,2023-04-17,2023-05-09,CUST-000252,Customer CUST-000252,V0047,MAT-00165,Consumer Goods - Premium,Consumer Goods,APAC,Australia,Mid-Market,292,2084.24,0.17,in transit,PLT03,PC243,JPY,BATCH-9954,
SO-00100833,2022-08-08,2022-09-04,CUST-000145,Customer CUST-000145,V0039,MAT-00108,Consumer Goods - Economy,Consumer Goods,EMEA,France,Public Sector,298,1995.67,0.28,Delivered,PLT04,PC837,USD,BATCH-8033,
SO-00101820,2022-02-27,2022-03-09,CUST-000229,Customer CUST-000229,V0001,MAT-00079,Industrial Parts - Premium,Industrial Parts,EMEA,France,Public Sector,464,2287.56,0.18,NULL,PLT06,PC553,USD,BATCH-7989,
SO-00101011,2023-08-24,2023-09-21,CUST-000262,Customer CUST-000262,V0027,MAT-00028,Machinery - Premium,Machinery,LATAM,Argentina,SMB,240,2075.52,0.23,Delivered,PLT03,PC228,USD,BATCH-6131,
SO-00101894,2022-08-16,2022-08-14,CUST-000252,Customer CUST-000252,V0032,MAT-00153,Machinery - Premium,Machinery,NA,Mexico,SMB,164,1326.8,0.04,PENDING,PLT07,PC181,GBP,BATCH-4475,
SO-00101852,2022-11-19,2022-11-19,CUST-000095,Customer CUST-000095,V0003,MAT-00170,Machinery - Premium,Machinery,APAC,India,Public Sector,350,514.39,0.22,delivered,PLT01,PC818,GBP,BATCH-8721,
SO-00101192,2023-03-21,2023-03-27,CUST-000146,Customer CUST-000146,V0050,MAT-00020,Consumer Goods - Economy,Consumer Goods,EMEA,Germany,SMB,381,589.66,0.34,N/A,PLT05,PC957,USD,BATCH-8273,
SO-00101279,2024-05-24,2024-06-18,CUST-000064,Customer CUST-000064,V0017,MAT-00118,Industrial Parts - Standard,Industrial Parts,APAC,India,Enterprise,146,820.26,0.11,Delivered,PLT01,PC880,GBP,BATCH-6574,
SO-00100311,2022-02-28,2022-03-05,CUST-000244,Customer CUST-000244,V0028,MAT-00067,Industrial Parts - Premium,Industrial Parts,LATAM,Brazil,Public Sector,392,696.66,0.35,NULL,PLT09,PC850,GBP,BATCH-1287,
SO-00100095,2023-02-13,2023-03-01,CUST-000091,Customer CUST-000091,V0012,MAT-00107,,Chemicals,EMEA,Netherlands,Public Sector,165,717.11,0.02,Delivered,PLT07,PC906,EUR,BATCH-4052,
SO-00100972,2024-01-30,2024-02-28,CUST-000092,Customer CUST-000092,V0038,MAT-00014,Machinery - Economy,Machinery,APAC,India,Mid-Market,169,1589.6,0.2,Pending,PLT08,PC848,GBP,BATCH-2212,
SO-00101449,2022-10-25,2022-10-26,CUST-000216,Customer CUST-000216,V0006,MAT-00043,Industrial Parts - Premium,Industrial Parts,LATAM,Argentina,Public Sector,205,487.82,0.06,Delivered,PLT05,PC525,JPY,BATCH-7866,
SO-00100019,2023-10-05,2023-10-30,CUST-000276,Customer CUST-000276,V0001,MAT-00134,Consumer Goods - Economy,Consumer Goods,NA,Mexico,Public Sector,,2460.67,0.04,PENDING,PLT11,PC301,USD,BATCH-8066,
SO-00100705,2024-07-15,2024-07-14,CUST-000131,Customer CUST-000131,V0006,MAT-00112,Electronics - Premium,Electronics,NA,Mexico,Mid-Market,200,-1431.28,0.13,PENDING,PLT08,PC261,USD,BATCH-4590,
SO-00101064,2022-10-05,2022-10-14,CUST-000263,Customer CUST-000263,V0040,MAT-00005,Electronics - Premium,Electronics,NA,Canada,Public Sector,377,462.61,0.14,Pending,PLT06,PC323,GBP,BATCH-6398,
SO-00101812,2023-10-25,2023-11-13,CUST-000187,Customer CUST-000187,V0017,MAT-00179,Chemicals - Premium,Chemicals,APAC,India,Mid-Market,385,2201.71,0.02,in transit,PLT04,PC563,USD,BATCH-3911,
SO-00100330,2023-01-29,2023-01-28,CUST-000140,Customer CUST-000140,V0013,MAT-00041,Industrial Parts - Premium,Industrial Parts,LATAM,Brazil,Enterprise,126,1993.63,0.11,Delivered,PLT11,PC663,USD,BATCH-1691,
SO-00101297,2022-07-31,2022-07-30,CUST-000183,Customer CUST-000183,V0042,MAT-00058,Consumer Goods - Economy,Consumer Goods,EMEA,France,SMB,477,2243.49,0.31,in transit,PLT11,PC816,EUR,BATCH-7776,
SO-00101621,2023-11-30,2023-12-08,CUST-000048,Customer CUST-000048,V0048,MAT-00121,Industrial Parts - Economy,Industrial Parts,LATAM,Brazil,Enterprise,283,2246.81,0.29,NULL,PLT06,PC489,GBP,BATCH-2776,
SO-00101634,2024-09-15,2024-09-18,CUST-000127,Customer CUST-000127,V0014,MAT-00090,Chemicals - Standard,Chemicals,APAC,Singapore,Public Sector,235,755.14,0.03,delivered,PLT12,PC438,EUR,BATCH-6762,
SO-00101168,2024-06-08,2024-07-07,CUST-000043,Customer CUST-000043,V0019,MAT-00149,Electronics - Premium,Electronics,APAC,Japan,Enterprise,308,545.19,0.03,Delivered,PLT11,PC265,USD,BATCH-3466,
SO-00101882,2024-09-04,2024-09-06,CUST-000019,Customer CUST-000019,V0043,MAT-00148,Chemicals - Premium,Chemicals,NA,Canada,Enterprise,323,,0.22,Pending,PLT07,PC824,EUR,BATCH-9151,
SO-00100222,2024-11-11,2024-12-10,CUST-000173,Customer CUST-000173,V0011,MAT-00164,Consumer Goods - Premium,Consumer Goods,EMEA,France,SMB,397,1842.63,0.31,In Transit,PLT02,PC181,USD,BATCH-6629,
SO-00100824,2024-04-29,2024-05-24,CUST-000249,Customer CUST-000249,V0029,MAT-00151,Chemicals - Premium,Chemicals,NA,USA,SMB,52,779.95,0.12,Delivered,PLT01,PC120,JPY,BATCH-5303,
SO-00101223,2024-02-21,2024-03-02,CUST-000034,Customer CUST-000034,V0038,MAT-00061,Industrial Parts - Economy,Industrial Parts,EMEA,France,Public Sector,416,37.09,0.32,NULL,PLT01,PC928,USD,BATCH-9711,
SO-00101095,2022-06-13,2022-07-09,CUST-000216,Customer CUST-000216,V0037,MAT-00070,Industrial Parts - Premium,Industrial Parts,NA,Mexico,Mid-Market,385,163.49,0.14,Cancelled,PLT07,PC235,EUR,BATCH-3945,
SO-00100728,2023-08-12,2023-08-17,CUST-000220,Customer CUST-000220,V0001,MAT-00176,Machinery - Premium,Machinery,NA,Canada,Mid-Market,438,590.91,0.35,Cancelled,PLT01,PC201,USD,BATCH-5230,
SO-00100111,2024-04-22,2024-04-20,CUST-000055,Customer CUST-000055,V0028,MAT-00046,Machinery - Standard,Machinery,LATAM,Brazil,Enterprise,9,,0.1,,PLT04,PC734,GBP,BATCH-5135,
SO-00100698,2023-08-20,2023-09-02,CUST-000248,Customer CUST-000248,V0016,MAT-00101,Electronics - Premium,Electronics,LATAM,Argentina,Mid-Market,106,1497.34,0.22,delivered,PLT09,PC449,USD,BATCH-5173,
SO-00100463,2022-01-28,2022-02-13,CUST-000233,Customer CUST-000233,V0026,MAT-00109,Chemicals - Economy,Chemicals,LATAM,Colombia,SMB,57,-393.94,0.31,Delivered,PLT09,PC413,JPY,BATCH-4724,
SO-00100358,2023-02-18,2023-03-16,CUST-000137,Customer CUST-000137,V0011,MAT-00022,Electronics - Premium,Electronics,APAC,Singapore,Mid-Market,497,1042.3,0.27,N/A,PLT11,PC780,USD,BATCH-3483,
SO-00101153,2023-02-10,2023-02-23,CUST-000028,Customer CUST-000028,V0026,MAT-00009,Machinery - Economy,Machinery,NA,USA,Public Sector,474,2022.55,0.03,Delivered,PLT07,PC995,USD,BATCH-6490,
SO-00100313,2023-10-23,2023-11-10,CUST-000074,,V0038,MAT-00091,Machinery - Premium,Machinery,NA,Mexico,Mid-Market,424,2113.26,0.28,N/A,PLT08,PC521,USD,BATCH-3671,
SO-00100287,2024-01-06,2024-02-04,CUST-000200,Customer CUST-000200,V0016,MAT-00126,Electronics - Premium,Electronics,EMEA,France,Public Sector,,2213.61,0.15,NULL,PLT08,PC646,EUR,BATCH-1268,
SO-00101256,2022-06-14,2022-06-28,CUST-000174,Customer CUST-000174,V0026,MAT-00089,Machinery - Standard,Machinery,APAC,Japan,Enterprise,409,1608.24,0.13,NULL,PLT08,PC538,EUR,BATCH-2282,
SO-00101985,2023-10-19,2023-11-15,CUST-000138,Customer CUST-000138,V0048,MAT-00141,Machinery - Economy,Machinery,APAC,Singapore,Enterprise,416,812.8,0.13,Returned,PLT11,PC770,EUR,BATCH-7395,
SO-00101033,2022-08-06,2022-08-08,CUST-000085,Customer CUST-000085,V0007,MAT-00109,Electronics - Economy,Electronics,EMEA,UK,Public Sector,428,1164.65,0.13,in transit,PLT09,PC480,USD,BATCH-5734,
SO-00100751,2022-08-20,2022-09-17,CUST-000124,Customer CUST-000124,V0015,MAT-00033,Machinery - Economy,Machinery,EMEA,Germany,Mid-Market,203,2273.79,0.2,N/A,PLT09,PC175,USD,BATCH-9831,
SO-00100341,2022-12-14,2023-01-13,CUST-000161,,V0017,MAT-00030,Consumer Goods - Premium,Consumer Goods,EMEA,Germany,Mid-Market,253,2326.17,0.31,In Transit,PLT12,PC469,EUR,BATCH-5635,
SO-00100471,2023-08-19,2023-09-10,CUST-000274,Customer CUST-000274,V0030,MAT-00120,Electronics - Standard,Electronics,EMEA,Germany,Mid-Market,82,1427.48,0.3,delivered,PLT03,PC849,USD,BATCH-7503,
SO-00100768,2022-04-05,2022-04-09,CUST-000185,Customer CUST-000185,V0034,MAT-00053,Chemicals - Standard,Chemicals,LATAM,Colombia,Public Sector,60,1867.13,0.15,Delivered,PLT01,PC495,USD,BATCH-8465,
SO-00100649,2024-07-15,2024-08-01,CUST-000197,Customer CUST-000197,V0011,MAT-00169,Electronics - Premium,Electronics,LATAM,Brazil,Public Sector,464,2083.06,0.27,N/A,PLT01,PC810,USD,BATCH-7323,
SO-00101648,2022-11-20,2022-11-18,CUST-000021,Customer CUST-000021,V0028,MAT-00113,Industrial Parts - Standard,Industrial Parts,LATAM,Colombia,Enterprise,72,786.27,0.33,N/A,PLT05,PC891,USD,BATCH-4242,
SO-00101386,2024-09-11,2024-09-25,CUST-000252,Customer CUST-000252,V0036,MAT-00087,Chemicals - Premium,Chemicals,LATAM,Brazil,SMB,289,93.12,0.15,Pending,PLT06,PC541,USD,BATCH-6752,
SO-00100353,2023-08-19,2023-08-19,CUST-000032,Customer CUST-000032,V0015,MAT-00183,Machinery - Premium,Machinery,LATAM,Colombia,Public Sector,250,1002.2,0.18,in transit,PLT09,PC165,USD,BATCH-7834,
SO-00100501,2024-04-20,2024-05-02,CUST-000046,Customer CUST-000046,V0024,MAT-00053,Industrial Parts - Economy,Industrial Parts,NA,Canada,Enterprise,338,-2485.25,0.13,PENDING,PLT02,PC380,JPY,BATCH-9927,
SO-00101922,2023-06-11,2023-06-14,CUST-000131,Customer CUST-000131,V0036,MAT-00012,Consumer Goods - Premium,Consumer Goods,LATAM,Argentina,SMB,338,1684.55,0.2,in transit,PLT03,PC121,GBP,BATCH-4102,
SO-00100837,2024-10-11,2024-10-18,CUST-000291,Customer CUST-000291,V0018,MAT-00008,Consumer Goods - Premium,Consumer Goods,EMEA,France,SMB,135,315.8,0.03,Returned,PLT12,PC595,JPY,BATCH-2070,
SO-00100017,2022-02-20,2022-03-01,CUST-000056,Customer CUST-000056,V0018,MAT-00041,,Chemicals,EMEA,UK,Mid-Market,378,2311.6,0.27,Cancelled,PLT08,PC327,USD,BATCH-8541,
SO-00101969,2023-05-17,2023-06-15,CUST-000005,Customer CUST-000005,V0005,MAT-00120,Machinery - Economy,Machinery,APAC,Australia,Enterprise,106,1817.36,0.29,NULL,PLT11,PC767,USD,BATCH-1450,
SO-00101757,2023-05-02,2023-06-01,CUST-000089,Customer CUST-000089,V0049,MAT-00126,Chemicals - Premium,Chemicals,APAC,Australia,SMB,57,2248.58,0.03,Returned,PLT03,PC700,GBP,BATCH-9210,
SO-00100392,2022-01-25,2022-02-22,CUST-000265,Customer CUST-000265,V0031,MAT-00060,Chemicals - Premium,Chemicals,APAC,Singapore,Public Sector,335,1284.05,0.27,Cancelled,PLT12,PC933,EUR,BATCH-6581,
SO-00100525,2024-03-05,2024-03-21,CUST-000240,Customer CUST-000240,V0011,MAT-00098,Electronics - Standard,Electronics,LATAM,Colombia,Enterprise,440,2477.27,0.19,Returned,PLT01,PC387,JPY,BATCH-5495,
SO-00100351,2022-06-29,2022-07-05,CUST-000075,Customer CUST-000075,V0031,MAT-00167,Consumer Goods - Economy,Consumer Goods,APAC,Singapore,Public Sector,70,-39.62,0.04,Cancelled,PLT09,PC295,USD,BATCH-5930,
SO-00101016,2022-03-08,2022-03-06,CUST-000239,Customer CUST-000239,V0048,MAT-00026,Consumer Goods - Standard,Consumer Goods,NA,USA,Enterprise,108,748.05,0.33,in transit,PLT12,PC207,JPY,BATCH-7356,
SO-00100830,2023-12-31,2024-01-30,CUST-000032,Customer CUST-000032,V0035,MAT-00045,Chemicals - Standard,Chemicals,EMEA,UK,Enterprise,378,2318.12,0.2,Delivered,PLT07,PC585,USD,BATCH-8754,
SO-00101240,2023-06-27,2023-07-09,CUST-000123,Customer CUST-000123,V0008,MAT-00037,Chemicals - Premium,Chemicals,EMEA,Germany,Mid-Market,423,563.37,0.17,Pending,PLT03,PC510,USD,BATCH-4025,
SO-00100806,2022-06-04,2022-06-21,CUST-000105,Customer CUST-000105,V0037,MAT-00139,Consumer Goods - Premium,Consumer Goods,EMEA,Germany,Public Sector,121,1385.08,0.05,Cancelled,PLT07,PC225,EUR,BATCH-8586,
SO-00101870,2023-08-01,2023-08-14,CUST-000219,Customer CUST-000219,V0028,MAT-00170,Electronics - Economy,Electronics,APAC,Australia,SMB,319,187.69,0.26,N/A,PLT01,PC534,EUR,BATCH-8968,
SO-00100054,2023-05-03,2023-05-21,CUST-000186,Customer CUST-000186,V0029,MAT-00200,Consumer Goods - Economy,Consumer Goods,NA,USA,Enterprise,9,439.74,0.02,in transit,PLT04,PC729,USD,BATCH-9543,
SO-00100263,2022-05-16,2022-05-23,CUST-000060,Customer CUST-000060,V0025,MAT-00048,Consumer Goods - Economy,Consumer Goods,NA,USA,SMB,144,2102.64,0.12,NULL,PLT06,PC826,USD,BATCH-5448,
SO-00100101,2022-05-30,2022-05-30,CUST-000210,Customer CUST-000210,V0003,MAT-00074,Industrial Parts - Economy,Industrial Parts,LATAM,Colombia,Enterprise,217,864.6,0.02,in transit,PLT12,PC761,EUR,BATCH-7135,
SO-00100275,2024-07-10,2024-08-01,CUST-000280,Customer CUST-000280,V0018,MAT-00106,,Machinery,LATAM,Argentina,Public Sector,182,-568.22,0.15,N/A,PLT01,PC681,EUR,BATCH-7038,
SO-00100286,2022-09-06,2022-09-26,CUST-000236,Customer CUST-000236,V0022,MAT-00021,Chemicals - Standard,Chemicals,EMEA,Germany,Public Sector,171,1706.18,0.14,N/A,PLT03,PC667,USD,BATCH-7294,
SO-00101116,2022-02-03,2022-02-01,CUST-000272,Customer CUST-000272,V0009,MAT-00050,Consumer Goods - Premium,Consumer Goods,APAC,Singapore,Mid-Market,359,187.72,0.24,In Transit,PLT05,PC276,JPY,BATCH-3647,
SO-00100249,2023-02-19,2023-02-25,CUST-000081,Customer CUST-000081,V0042,MAT-00145,Machinery - Economy,Machinery,EMEA,UK,Mid-Market,159,1722.89,0.31,In Transit,PLT02,PC288,USD,BATCH-3384,
SO-00101072,2024-12-18,2024-12-26,CUST-000016,Customer CUST-000016,V0021,MAT-00193,,Industrial Parts,LATAM,Brazil,Public Sector,308,2364.94,0.19,N/A,PLT03,PC628,GBP,BATCH-6552,
SO-00101760,2022-04-08,2022-04-10,CUST-000194,Customer CUST-000194,V0047,MAT-00007,Industrial Parts - Premium,Industrial Parts,LATAM,Brazil,SMB,472,675.28,0.15,Pending,PLT04,PC867,EUR,BATCH-6071,
SO-00100578,2023-10-27,2023-11-08,CUST-000200,Customer CUST-000200,V0022,MAT-00139,Electronics - Premium,Electronics,NA,USA,Mid-Market,33,1530.41,0.25,NULL,PLT06,PC427,USD,BATCH-8280,
SO-00101974,2023-10-10,2023-10-23,CUST-000276,Customer CUST-000276,V0003,MAT-00090,Chemicals - Standard,Chemicals,NA,Mexico,Public Sector,19,2312.27,0.01,Returned,PLT10,PC173,USD,BATCH-5452,
SO-00100704,2023-02-25,2023-03-18,CUST-000181,Customer CUST-000181,V0014,MAT-00081,Chemicals - Premium,Chemicals,LATAM,Argentina,Public Sector,74,1760.12,0.21,Cancelled,PLT04,PC488,GBP,BATCH-8695,
SO-00100344,2022-06-07,2022-06-20,CUST-000055,Customer CUST-000055,V0026,MAT-00096,Chemicals - Standard,Chemicals,NA,Mexico,Mid-Market,394,1247.79,0.03,Pending,PLT08,PC950,JPY,BATCH-8861,
SO-00101654,2022-01-24,2022-02-11,CUST-000088,Customer CUST-000088,V0018,MAT-00192,Machinery - Premium,Machinery,EMEA,Germany,Mid-Market,467,1449.11,0.03,delivered,PLT06,PC203,USD,BATCH-4095,
SO-00100653,2022-12-16,2022-12-15,CUST-000291,Customer CUST-000291,V0032,MAT-00172,Chemicals - Standard,Chemicals,LATAM,Colombia,Public Sector,301,1721.86,0.29,Delivered,PLT06,PC170,USD,BATCH-3210,
SO-00101169,2022-03-09,2022-03-11,CUST-000169,Customer CUST-000169,V0017,MAT-00129,Chemicals - Standard,Chemicals,LATAM,Colombia,Enterprise,449,1554.01,0.01,Cancelled,PLT01,PC314,USD,BATCH-4235,
SO-00100574,2024-05-21,2024-06-09,CUST-000153,Customer CUST-000153,V0029,MAT-00084,Consumer Goods - Premium,Consumer Goods,APAC,Japan,SMB,346,743.88,0.29,Delivered,PLT12,PC137,GBP,BATCH-7491,
SO-00101845,2022-07-15,2022-07-30,CUST-000077,Customer CUST-000077,V0027,MAT-00012,Consumer Goods - Standard,Consumer Goods,LATAM,Argentina,SMB,384,767.04,0,delivered,PLT01,PC844,EUR,BATCH-6117,
SO-00100060,2022-04-12,2022-04-15,CUST-000221,Customer CUST-000221,V0008,MAT-00089,Machinery - Economy,Machinery,NA,USA,Mid-Market,140,1110.57,0.15,N/A,PLT08,PC639,JPY,BATCH-6053,
SO-00101304,2023-09-21,2023-09-24,CUST-000048,,V0042,MAT-00098,Chemicals - Economy,Chemicals,APAC,Australia,Enterprise,479,1547.22,0.26,PENDING,PLT12,PC639,JPY,BATCH-3169,
SO-00100603,2022-01-18,2022-01-30,CUST-000103,Customer CUST-000103,V0042,MAT-00171,Electronics - Premium,Electronics,NA,Mexico,Public Sector,166,1070.74,0.09,in transit,PLT12,PC988,GBP,BATCH-3500,
SO-00100540,2023-05-19,2023-05-25,CUST-000145,Customer CUST-000145,V0047,MAT-00128,Electronics - Standard,Electronics,APAC,Australia,Enterprise,301,943.64,0.33,In Transit,PLT09,PC977,JPY,BATCH-4509,
SO-00101944,2022-12-01,2022-12-24,CUST-000060,Customer CUST-000060,V0039,MAT-00183,Consumer Goods - Standard,Consumer Goods,LATAM,Argentina,Public Sector,63,793.19,0.16,N/A,PLT02,PC588,USD,BATCH-6197,
SO-00100363,2022-10-14,2022-11-05,CUST-000218,Customer CUST-000218,V0007,MAT-00038,Consumer Goods - Standard,Consumer Goods,EMEA,France,SMB,267,1845.09,0.04,in transit,PLT07,PC233,EUR,BATCH-4519,
SO-00101179,2022-08-26,2022-09-07,CUST-000227,Customer CUST-000227,V0013,MAT-00082,Chemicals - Economy,Chemicals,NA,USA,SMB,191,2225.32,0.04,delivered,PLT09,PC706,USD,BATCH-1125,
SO-00100210,2023-07-19,2023-08-11,CUST-000296,Customer CUST-000296,V0017,MAT-00079,Machinery - Economy,Machinery,APAC,India,SMB,387,513.22,0.19,in transit,PLT03,PC975,JPY,BATCH-2951,
SO-00100281,2023-12-26,2024-01-20,CUST-000237,Customer CUST-000237,V0038,MAT-00101,Machinery - Economy,Machinery,APAC,Japan,Enterprise,313,2295.51,0.3,,PLT11,PC702,USD,BATCH-9518,
SO-00101458,2023-06-06,2023-06-14,CUST-000145,Customer CUST-000145,V0011,MAT-00015,Consumer Goods - Premium,Consumer Goods,LATAM,Colombia,Public Sector,178,382.61,0.23,,PLT12,PC316,EUR,BATCH-5779,
SO-00101978,2022-11-17,2022-11-30,CUST-000131,Customer CUST-000131,V0027,MAT-00131,Industrial Parts - Economy,Industrial Parts,EMEA,Germany,Enterprise,63,1461.93,0.14,Pending,PLT07,PC389,USD,BATCH-9275,
SO-00100452,2024-04-16,2024-05-02,CUST-000009,Customer CUST-000009,V0012,MAT-00066,Industrial Parts - Economy,Industrial Parts,APAC,Japan,SMB,167,-2463.23,0.22,Returned,PLT02,PC839,JPY,BATCH-7258,
SO-00101379,2023-12-17,2023-12-29,CUST-000255,Customer CUST-000255,V0008,MAT-00086,Electronics - Premium,Electronics,NA,USA,SMB,374,1723.02,0.21,in transit,PLT02,PC501,EUR,BATCH-4778,
SO-00101676,2023-09-30,2023-10-15,CUST-000163,Customer CUST-000163,V0014,MAT-00113,Consumer Goods - Economy,Consumer Goods,NA,Canada,Enterprise,377,358.46,0.28,delivered,PLT03,PC837,JPY,BATCH-7041,
SO-00101822,2022-12-15,2023-01-05,CUST-000108,Customer CUST-000108,V0014,MAT-00101,Machinery - Standard,Machinery,EMEA,UK,Enterprise,279,1101.21,0.18,,PLT09,PC400,EUR,BATCH-1686,
SO-00101619,2022-05-13,2022-05-31,CUST-000187,Customer CUST-000187,V0019,MAT-00101,Electronics - Premium,Electronics,EMEA,Germany,SMB,364,765.43,0.18,Cancelled,PLT04,PC882,USD,BATCH-1106,
SO-00101020,2022-03-06,2022-03-04,CUST-000063,Customer CUST-000063,V0012,MAT-00042,,Machinery,APAC,Singapore,Public Sector,87,1630.07,0.23,PENDING,PLT07,PC716,JPY,BATCH-7265,
SO-00100715,2022-12-01,2022-12-01,CUST-000041,Customer CUST-000041,V0032,MAT-00030,Electronics - Premium,Electronics,APAC,Australia,Enterprise,136,1819.46,0.28,,PLT10,PC845,USD,BATCH-8682,
SO-00100984,2024-07-17,2024-08-01,CUST-000197,Customer CUST-000197,V0007,MAT-00194,Electronics - Economy,Electronics,LATAM,Brazil,Public Sector,455,495.38,0.22,Pending,PLT01,PC307,USD,BATCH-4412,
SO-00100324,2022-04-25,2022-05-18,CUST-000024,Customer CUST-000024,V0004,MAT-00008,Machinery - Economy,Machinery,LATAM,Colombia,Mid-Market,135,1239.25,0.34,delivered,PLT10,PC127,JPY,BATCH-6591,
SO-00101146,2023-03-04,2023-03-30,CUST-000037,Customer CUST-000037,V0031,MAT-00116,Electronics - Premium,Electronics,EMEA,France,Enterprise,498,1061.32,0.08,Pending,PLT07,PC223,USD,BATCH-5813,
SO-00101741,2022-01-20,2022-01-30,CUST-000007,,V0043,MAT-00175,Machinery - Economy,Machinery,NA,Mexico,Mid-Market,145,1569.61,0.2,PENDING,PLT04,PC282,USD,BATCH-2246,
SO-00100028,2022-11-09,2022-11-22,CUST-000059,Customer CUST-000059,V0011,MAT-00156,Electronics - Premium,Electronics,NA,USA,Mid-Market,65,1186.53,0.04,delivered,PLT02,PC692,USD,BATCH-6111,
SO-00101622,2022-03-17,2022-04-06,CUST-000036,Customer CUST-000036,V0049,MAT-00180,Consumer Goods - Economy,Consumer Goods,LATAM,Colombia,Public Sector,310,240.51,0.33,Delivered,PLT06,PC945,GBP,BATCH-2375,
SO-00100623,2023-05-25,2023-06-09,CUST-000281,Customer CUST-000281,V0014,MAT-00143,Consumer Goods - Premium,Consumer Goods,APAC,Singapore,SMB,229,1960.36,0.11,In Transit,PLT03,PC964,EUR,BATCH-2456,
SO-00100359,2024-04-26,2024-05-20,CUST-000265,Customer CUST-000265,V0050,MAT-00003,Chemicals - Premium,Chemicals,LATAM,Brazil,Mid-Market,,1149.59,0.3,In Transit,PLT07,PC890,USD,BATCH-8111,
SO-00101947,2022-03-17,2022-03-22,CUST-000045,Customer CUST-000045,V0041,MAT-00167,,Industrial Parts,NA,Canada,Enterprise,54,1681.9,0.16,N/A,PLT04,PC425,EUR,BATCH-7237,
SO-00101855,2022-10-01,2022-10-25,CUST-000081,Customer CUST-000081,V0001,MAT-00094,Consumer Goods - Economy,Consumer Goods,APAC,Singapore,SMB,57,-791.68,0.01,in transit,PLT07,PC644,EUR,BATCH-5373,
SO-00100224,2022-07-15,2022-07-17,CUST-000080,Customer CUST-000080,V0007,MAT-00068,Electronics - Premium,Electronics,EMEA,UK,Public Sector,480,-2197.33,0.19,Pending,PLT05,PC334,USD,BATCH-5655,
SO-00100762,2023-08-17,2023-08-18,CUST-000162,Customer CUST-000162,V0034,MAT-00066,Electronics - Economy,Electronics,NA,Mexico,SMB,437,731.98,0.07,Cancelled,PLT04,PC926,USD,BATCH-2674,
SO-00100465,2022-08-02,2022-08-04,CUST-000006,Customer CUST-000006,V0014,MAT-00153,Electronics - Economy,Electronics,LATAM,Brazil,SMB,186,-1509.96,0.3,Pending,PLT04,PC753,USD,BATCH-4937,
SO-00101556,2024-08-25,2024-09-12,CUST-000191,Customer CUST-000191,V0013,MAT-00027,Electronics - Premium,Electronics,NA,Mexico,Mid-Market,107,185.28,0.29,NULL,PLT03,PC197,JPY,BATCH-1564,
SO-00101499,2023-03-15,2023-04-06,CUST-000039,Customer CUST-000039,V0013,MAT-00097,Consumer Goods - Premium,Consumer Goods,LATAM,Brazil,Enterprise,457,175.76,0.14,Delivered,PLT12,PC866,USD,BATCH-6453,
SO-00101132,2023-09-12,2023-10-03,CUST-000282,Customer CUST-000282,V0033,MAT-00068,Machinery - Economy,Machinery,LATAM,Argentina,Enterprise,262,2468.98,0.27,Cancelled,PLT01,PC981,USD,BATCH-1276,
SO-00101443,2022-01-30,2022-02-23,CUST-000014,Customer CUST-000014,V0042,MAT-00061,Chemicals - Premium,Chemicals,EMEA,Germany,Mid-Market,167,79.01,0.26,N/A,PLT09,PC811,USD,BATCH-5068,
SO-00100800,2023-04-30,2023-05-06,CUST-000166,Customer CUST-000166,V0014,MAT-00002,,Electronics,APAC,Australia,Mid-Market,330,2194.04,0.31,Pending,PLT04,PC748,JPY,BATCH-7974,
SO-00101627,2022-08-04,2022-08-23,CUST-000163,Customer CUST-000163,V0029,MAT-00052,Electronics - Economy,Electronics,EMEA,Netherlands,Mid-Market,219,1620.46,0.27,in transit,PLT10,PC802,USD,BATCH-3740,
SO-00101515,2024-01-09,2024-01-24,CUST-000180,,V0031,MAT-00148,Chemicals - Standard,Chemicals,EMEA,Netherlands,Public Sector,46,1934.67,0.18,in transit,PLT04,PC414,USD,BATCH-3168,
SO-00101188,2022-10-13,2022-11-04,CUST-000227,Customer CUST-000227,V0039,MAT-00024,Consumer Goods - Standard,Consumer Goods,EMEA,UK,Enterprise,116,119.99,0.01,NULL,PLT10,PC242,USD,BATCH-1433,
SO-00101129,2022-10-28,2022-11-19,CUST-000121,Customer CUST-000121,V0027,MAT-00040,Consumer Goods - Standard,Consumer Goods,NA,Canada,Mid-Market,422,907.73,0.12,Delivered,PLT11,PC585,USD,BATCH-8377,
SO-00100186,2022-01-09,2022-01-10,CUST-000089,Customer CUST-000089,V0045,MAT-00149,Chemicals - Premium,Chemicals,LATAM,Argentina,Mid-Market,284,2338.59,0.29,In Transit,PLT11,PC714,GBP,BATCH-6273,
SO-00101134,2022-10-02,2022-10-01,CUST-000025,Customer CUST-000025,V0003,MAT-00031,Machinery - Premium,Machinery,LATAM,Argentina,Enterprise,333,2069.66,0,NULL,PLT03,PC703,GBP,BATCH-3358,
SO-00100912,2023-08-11,2023-09-03,CUST-000186,Customer CUST-000186,V0031,MAT-00012,Machinery - Standard,Machinery,EMEA,Netherlands,Enterprise,118,1429.42,0.25,Returned,PLT11,PC775,USD,BATCH-7034,
SO-00100151,2023-04-22,2023-04-30,CUST-000182,Customer CUST-000182,V0037,MAT-00100,Machinery - Standard,Machinery,LATAM,Argentina,SMB,52,623.4,0.08,Cancelled,PLT03,PC342,GBP,BATCH-6210,
SO-00100215,2023-11-27,2023-12-24,CUST-000118,Customer CUST-000118,V0015,MAT-00174,Industrial Parts - Premium,Industrial Parts,LATAM,Argentina,Public Sector,349,-1154.5,0.21,,PLT09,PC648,USD,BATCH-5314,
SO-00100098,2022-01-24,2022-02-07,CUST-000160,Customer CUST-000160,V0033,MAT-00181,Machinery - Premium,Machinery,APAC,Singapore,SMB,335,902.08,0.08,,PLT06,PC729,USD,BATCH-4590,
SO-00101046,2022-05-06,2022-05-16,CUST-000108,Customer CUST-000108,V0007,MAT-00070,Consumer Goods - Economy,Consumer Goods,APAC,Singapore,Mid-Market,86,1764.35,0.02,delivered,PLT11,PC207,USD,BATCH-4895,
SO-00101231,2024-12-12,2025-01-06,CUST-000093,Customer CUST-000093,V0018,MAT-00153,Consumer Goods - Premium,Consumer Goods,LATAM,Brazil,Enterprise,21,,0.23,Returned,PLT06,PC754,EUR,BATCH-1815,
SO-00101247,2022-02-19,2022-03-07,CUST-000191,Customer CUST-000191,V0028,MAT-00158,Consumer Goods - Standard,Consumer Goods,NA,Mexico,SMB,322,650.61,0.31,Cancelled,PLT11,PC768,USD,BATCH-8926,
SO-00101419,2023-02-05,2023-02-25,CUST-000232,Customer CUST-000232,V0017,MAT-00185,Chemicals - Standard,Chemicals,LATAM,Colombia,Mid-Market,251,2132.52,0.11,In Transit,PLT08,PC791,USD,BATCH-7414,
SO-00101752,2024-10-25,2024-11-23,CUST-000242,Customer CUST-000242,V0047,MAT-00087,Consumer Goods - Standard,Consumer Goods,APAC,India,Mid-Market,90,2446.28,0.34,,PLT12,PC361,USD,BATCH-4976,
SO-00100012,2024-09-03,2024-10-03,CUST-000121,Customer CUST-000121,V0005,MAT-00173,Machinery - Economy,Machinery,APAC,Japan,Enterprise,471,2132.54,0.06,NULL,PLT04,PC692,GBP,BATCH-1651,
SO-00100635,2023-01-31,2023-02-07,CUST-000284,Customer CUST-000284,V0008,MAT-00172,Chemicals - Standard,Chemicals,EMEA,UK,Enterprise,314,2300.4,0.33,in transit,PLT04,PC937,EUR,BATCH-4085,
SO-00101431,2023-11-04,2023-11-20,CUST-000165,Customer CUST-000165,V0027,MAT-00114,Consumer Goods - Standard,Consumer Goods,EMEA,UK,Mid-Market,339,1828.44,0.21,NULL,PLT02,PC796,USD,BATCH-8359,
SO-00100167,2024-11-17,2024-11-16,CUST-000130,Customer CUST-000130,V0001,MAT-00058,Chemicals - Economy,Chemicals,EMEA,UK,SMB,443,-1951.86,0.27,NULL,PLT12,PC758,USD,BATCH-7943,
SO-00100717,2024-08-08,2024-08-15,CUST-000125,Customer CUST-000125,V0020,MAT-00021,Industrial Parts - Economy,Industrial Parts,EMEA,UK,Mid-Market,475,251,0.19,delivered,PLT02,PC893,USD,BATCH-1932,
SO-00101182,2024-08-09,2024-08-14,CUST-000207,Customer CUST-000207,V0016,MAT-00185,,Industrial Parts,LATAM,Argentina,Enterprise,342,369.04,0.08,Returned,PLT06,PC665,USD,BATCH-6643,
SO-00100188,2024-10-28,2024-11-15,CUST-000274,Customer CUST-000274,V0044,MAT-00192,Industrial Parts - Standard,Industrial Parts,APAC,Singapore,Mid-Market,364,292.94,0.12,PENDING,PLT09,PC209,USD,BATCH-7240,
SO-00101506,2023-03-12,2023-03-24,CUST-000028,Customer CUST-000028,V0044,MAT-00012,,Chemicals,EMEA,France,Enterprise,422,409.95,0.1,,PLT09,PC205,USD,BATCH-5650,
SO-00101559,2024-10-13,2024-11-03,CUST-000048,Customer CUST-000048,V0034,MAT-00130,Machinery - Premium,Machinery,EMEA,France,SMB,379,1780.04,0.25,N/A,PLT01,PC827,USD,BATCH-2894,
SO-00100043,2022-03-31,2022-04-18,CUST-000019,Customer CUST-000019,V0010,MAT-00127,Chemicals - Premium,Chemicals,EMEA,Netherlands,Mid-Market,382,1185.08,0.32,,PLT02,PC995,EUR,BATCH-2633,
SO-00101128,2024-07-29,2024-08-22,CUST-000094,Customer CUST-000094,V0025,MAT-00104,Industrial Parts - Economy,Industrial Parts,LATAM,Argentina,SMB,430,1204.01,0.32,Delivered,PLT11,PC188,USD,BATCH-2511,
SO-00100009,2023-01-25,2023-01-29,CUST-000032,Customer CUST-000032,V0042,MAT-00026,Chemicals - Standard,Chemicals,LATAM,Brazil,Public Sector,50,1649.16,0.12,,PLT04,PC296,USD,BATCH-9786,
SO-00101380,2023-05-19,2023-05-18,CUST-000187,Customer CUST-000187,V0035,MAT-00169,Chemicals - Standard,Chemicals,EMEA,UK,SMB,431,1960.67,0.04,,PLT06,PC234,USD,BATCH-1012,
SO-00100147,2024-03-22,2024-04-21,CUST-000282,Customer CUST-000282,V0036,MAT-00192,Consumer Goods - Standard,Consumer Goods,NA,Mexico,Mid-Market,26,1694.57,0.09,in transit,PLT02,PC112,USD,BATCH-4641,
SO-00101611,2024-10-22,2024-11-19,CUST-000066,Customer CUST-000066,V0050,MAT-00072,Industrial Parts - Standard,Industrial Parts,APAC,Australia,Mid-Market,461,1061.17,0.25,Delivered,PLT07,PC141,JPY,BATCH-9280,
SO-00100013,2023-02-23,2023-03-13,CUST-000289,Customer CUST-000289,V0001,MAT-00118,Consumer Goods - Standard,Consumer Goods,NA,Canada,SMB,123,667.71,0.05,Pending,PLT09,PC371,USD,BATCH-6718,
SO-00100389,2024-07-14,2024-07-27,CUST-000069,Customer CUST-000069,V0036,MAT-00022,Industrial Parts - Economy,Industrial Parts,NA,USA,Mid-Market,203,550.39,0.15,Returned,PLT06,PC335,GBP,BATCH-1674,
SO-00101693,2023-11-25,2023-11-29,CUST-000150,Customer CUST-000150,V0027,MAT-00160,Electronics - Standard,Electronics,APAC,Singapore,SMB,156,841.47,0.1,PENDING,PLT09,PC539,USD,BATCH-2710,
SO-00101316,2023-08-20,2023-09-11,CUST-000253,Customer CUST-000253,V0008,MAT-00158,Electronics - Premium,Electronics,LATAM,Colombia,Enterprise,351,2218.87,0.32,,PLT10,PC516,USD,BATCH-6214,
SO-00101002,2022-09-01,2022-09-05,CUST-000285,Customer CUST-000285,V0006,MAT-00170,Chemicals - Premium,Chemicals,APAC,Australia,Mid-Market,371,2088.41,0.33,delivered,PLT09,PC244,GBP,BATCH-6063,
SO-00101549,2023-02-20,2023-03-11,CUST-000200,Customer CUST-000200,V0040,MAT-00080,Industrial Parts - Standard,Industrial Parts,APAC,Australia,SMB,78,,0.26,N/A,PLT06,PC969,USD,BATCH-6562,
SO-00101015,2023-09-29,2023-10-24,CUST-000030,Customer CUST-000030,V0025,MAT-00014,Electronics - Economy,Electronics,NA,Mexico,Public Sector,3,2060.37,0.08,N/A,PLT04,PC207,GBP,BATCH-8319,
SO-00101758,2023-02-23,2023-03-13,CUST-000123,Customer CUST-000123,V0008,MAT-00093,Chemicals - Premium,Chemicals,LATAM,Brazil,SMB,110,1631.28,0.22,NULL,PLT02,PC367,USD,BATCH-2233,
SO-00100757,2024-04-12,2024-04-23,CUST-000270,Customer CUST-000270,V0050,MAT-00160,Electronics - Premium,Electronics,NA,Mexico,Public Sector,124,1028.41,0.3,Delivered,PLT01,PC225,EUR,BATCH-5142,
SO-00101963,2024-09-18,2024-10-01,CUST-000300,Customer CUST-000300,V0020,MAT-00054,Electronics - Premium,Electronics,EMEA,UK,Mid-Market,269,1882.76,0.31,NULL,PLT01,PC639,USD,BATCH-8202,
SO-00100470,2024-04-01,2024-04-25,CUST-000212,Customer CUST-000212,V0024,MAT-00022,Consumer Goods - Economy,Consumer Goods,LATAM,Brazil,SMB,439,1551.11,0.24,delivered,PLT01,PC735,JPY,BATCH-1934,
SO-00100619,2022-08-20,2022-09-16,CUST-000046,Customer CUST-000046,V0034,MAT-00027,Consumer Goods - Economy,Consumer Goods,APAC,Japan,Public Sector,219,1464.52,0.31,Cancelled,PLT06,PC347,JPY,BATCH-9102,
SO-00100602,2024-06-01,2024-06-16,CUST-000233,Customer CUST-000233,V0037,MAT-00087,Electronics - Premium,Electronics,LATAM,Argentina,Mid-Market,239,1130.97,0.31,,PLT01,PC511,GBP,BATCH-5813,
SO-00100748,2022-02-13,2022-02-28,CUST-000152,Customer CUST-000152,V0013,MAT-00034,Machinery - Standard,Machinery,EMEA,Germany,Enterprise,99,434.31,0.05,Cancelled,PLT10,PC237,USD,BATCH-2931,
SO-00101599,2023-09-10,2023-09-13,CUST-000242,Customer CUST-000242,V0022,MAT-00175,Electronics - Standard,Electronics,NA,Mexico,SMB,16,1259.34,0.27,delivered,PLT11,PC835,GBP,BATCH-8484,
SO-00100638,2022-02-27,2022-02-28,CUST-000269,Customer CUST-000269,V0048,MAT-00131,Machinery - Economy,Machinery,EMEA,France,Enterprise,495,760.85,0.07,PENDING,PLT12,PC145,USD,BATCH-2616,
SO-00100758,2023-06-14,2023-06-23,CUST-000033,Customer CUST-000033,V0034,MAT-00166,Consumer Goods - Economy,Consumer Goods,NA,Mexico,Enterprise,281,2371.37,0.17,Cancelled,PLT02,PC244,JPY,BATCH-7554,
SO-00100514,2024-02-06,2024-02-05,CUST-000130,Customer CUST-000130,V0013,MAT-00051,Chemicals - Standard,Chemicals,NA,Mexico,Enterprise,473,439.3,0.04,N/A,PLT04,PC859,USD,BATCH-8111,
SO-00101804,2022-12-27,2023-01-21,CUST-000289,Customer CUST-000289,V0044,MAT-00009,Machinery - Standard,Machinery,EMEA,Germany,Mid-Market,430,2206.08,0.04,Delivered,PLT02,PC898,USD,BATCH-7325,
SO-00101659,2024-12-26,2024-12-30,CUST-000023,Customer CUST-000023,V0044,MAT-00010,Industrial Parts - Premium,Industrial Parts,APAC,Japan,Enterprise,261,2003.91,0.09,Pending,PLT02,PC823,USD,BATCH-1388,
SO-00101846,2024-04-21,2024-04-29,CUST-000137,Customer CUST-000137,V0014,MAT-00191,Industrial Parts - Premium,Industrial Parts,NA,Canada,Public Sector,91,1833.78,0.18,in transit,PLT10,PC942,JPY,BATCH-3444,
SO-00101195,2022-10-05,2022-10-12,CUST-000146,Customer CUST-000146,V0041,MAT-00133,Industrial Parts - Standard,Industrial Parts,LATAM,Brazil,SMB,102,1711.47,0.04,PENDING,PLT08,PC185,USD,BATCH-5686,
SO-00100936,2023-10-14,2023-10-19,CUST-000233,Customer CUST-000233,V0015,MAT-00143,,Machinery,APAC,Singapore,Mid-Market,253,259.55,0.06,Cancelled,PLT05,PC253,USD,BATCH-2851,
SO-00100025,2024-05-10,2024-06-01,CUST-000153,Customer CUST-000153,V0001,MAT-00091,Industrial Parts - Premium,Industrial Parts,LATAM,Colombia,Enterprise,464,-1925.64,0.33,in transit,PLT09,PC865,JPY,BATCH-9947,
SO-00100658,2022-08-05,2022-08-10,CUST-000120,Customer CUST-000120,V0001,MAT-00111,Consumer Goods - Premium,Consumer Goods,NA,USA,Public Sector,29,1761.85,0.07,Pending,PLT06,PC740,GBP,BATCH-4156,
SO-00101497,2023-06-13,2023-06-26,CUST-000246,Customer CUST-000246,V0028,MAT-00189,Electronics - Premium,Electronics,EMEA,UK,Enterprise,211,642.06,0.13,N/A,PLT04,PC602,USD,BATCH-3134,
SO-00101034,2024-02-07,2024-02-16,CUST-000093,Customer CUST-000093,V0012,MAT-00008,Electronics - Economy,Electronics,APAC,India,Mid-Market,482,263.4,0.15,In Transit,PLT09,PC114,USD,BATCH-5360,
SO-00101252,2022-10-27,2022-11-09,CUST-000089,Customer CUST-000089,V0009,MAT-00115,Machinery - Premium,Machinery,APAC,Singapore,Enterprise,404,1062.79,0.18,,PLT02,PC349,USD,BATCH-5600,
SO-00100115,2023-11-29,2023-12-22,CUST-000222,Customer CUST-000222,V0036,MAT-00097,Electronics - Premium,Electronics,NA,Canada,Mid-Market,497,1935.02,0.01,delivered,PLT02,PC890,GBP,BATCH-5839,
SO-00100024,2024-09-19,2024-10-02,CUST-000119,Customer CUST-000119,V0009,MAT-00039,Machinery - Standard,Machinery,APAC,Australia,SMB,141,1102.48,0.25,Pending,PLT02,PC524,EUR,BATCH-6421,
SO-00100370,2023-06-08,2023-06-11,CUST-000153,Customer CUST-000153,V0046,MAT-00015,Industrial Parts - Premium,Industrial Parts,EMEA,France,Mid-Market,79,770.45,0.14,Delivered,PLT06,PC364,EUR,BATCH-2981,
SO-00100930,2023-02-23,2023-02-21,CUST-000234,Customer CUST-000234,V0043,MAT-00110,Industrial Parts - Premium,Industrial Parts,APAC,India,Enterprise,118,59.81,0.07,Pending,PLT07,PC245,EUR,BATCH-6691,
SO-00101854,2024-06-08,2024-06-10,CUST-000232,Customer CUST-000232,V0003,MAT-00086,Machinery - Premium,Machinery,APAC,Australia,Mid-Market,239,1377.62,0,N/A,PLT08,PC977,GBP,BATCH-7305,
SO-00100611,2023-02-06,2023-02-12,CUST-000054,Customer CUST-000054,V0019,MAT-00158,Chemicals - Economy,Chemicals,APAC,Japan,Public Sector,113,1289.26,0.28,PENDING,PLT11,PC408,USD,BATCH-8571,
SO-00101124,2023-07-05,2023-07-10,CUST-000194,Customer CUST-000194,V0014,MAT-00091,Industrial Parts - Economy,Industrial Parts,EMEA,France,SMB,108,909.63,0.21,in transit,PLT01,PC686,USD,BATCH-9163,
SO-00100453,2023-10-27,2023-11-11,CUST-000246,Customer CUST-000246,V0024,MAT-00038,Industrial Parts - Standard,Industrial Parts,APAC,Australia,Public Sector,105,1456.25,0.28,PENDING,PLT03,PC293,GBP,BATCH-9036,
SO-00100096,2022-08-08,2022-08-27,CUST-000099,Customer CUST-000099,V0030,MAT-00070,Consumer Goods - Economy,Consumer Goods,APAC,Japan,Enterprise,146,1138.6,0.22,N/A,PLT08,PC763,USD,BATCH-4050,
SO-00100590,2024-01-01,2024-01-30,CUST-000104,Customer CUST-000104,V0015,MAT-00190,,Industrial Parts,EMEA,France,Enterprise,236,-1425.67,0.22,N/A,PLT11,PC201,USD,BATCH-9313,
SO-00101488,2024-10-26,2024-10-29,CUST-000285,Customer CUST-000285,V0039,MAT-00013,Industrial Parts - Standard,Industrial Parts,NA,USA,Enterprise,115,103.39,0.1,N/A,PLT10,PC488,JPY,BATCH-7752,
SO-00101487,2024-10-25,2024-11-15,CUST-000213,Customer CUST-000213,V0028,MAT-00140,Consumer Goods - Premium,Consumer Goods,EMEA,France,Mid-Market,243,176.3,0.08,in transit,PLT03,PC218,USD,BATCH-3469,
SO-00100099,2024-02-05,2024-02-29,CUST-000042,Customer CUST-000042,V0044,MAT-00194,Chemicals - Premium,Chemicals,EMEA,Netherlands,Mid-Market,360,1375.34,0.16,Cancelled,PLT02,PC677,USD,BATCH-2011,
SO-00101548,2024-03-30,2024-04-23,CUST-000023,Customer CUST-000023,V0044,MAT-00076,Consumer Goods - Premium,Consumer Goods,EMEA,France,Mid-Market,248,1627.91,0.04,in transit,PLT03,PC311,USD,BATCH-3416,
SO-00101535,2022-05-24,2022-05-24,CUST-000213,Customer CUST-000213,V0009,MAT-00140,Machinery - Standard,Machinery,APAC,Singapore,Public Sector,22,1970.63,0.11,delivered,PLT02,PC934,USD,BATCH-9447,
SO-00101363,2023-03-19,2023-04-11,CUST-000118,Customer CUST-000118,V0039,MAT-00040,Machinery - Premium,Machinery,LATAM,Brazil,Mid-Market,274,1769.51,0,in transit,PLT12,PC779,GBP,BATCH-6607,
SO-00100357,2022-08-05,2022-08-09,CUST-000150,Customer CUST-000150,V0011,MAT-00187,Electronics - Premium,Electronics,NA,Canada,Public Sector,422,1408.37,0.18,delivered,PLT12,PC991,USD,BATCH-3527,
SO-00101113,2024-11-07,2024-11-27,CUST-000145,Customer CUST-000145,V0047,MAT-00019,Industrial Parts - Economy,Industrial Parts,NA,USA,Public Sector,325,2118.14,0.28,PENDING,PLT08,PC761,GBP,BATCH-4422,
SO-00101051,2023-09-07,2023-10-03,CUST-000126,Customer CUST-000126,V0011,MAT-00042,Industrial Parts - Economy,Industrial Parts,EMEA,France,Public Sector,89,1383.41,0.07,Pending,PLT10,PC279,GBP,BATCH-1187,
SO-00101796,2023-08-22,2023-08-24,CUST-000038,Customer CUST-000038,V0001,MAT-00183,Machinery - Premium,Machinery,APAC,Australia,SMB,257,892.07,0.28,In Transit,PLT08,PC608,EUR,BATCH-5394,
SO-00101993,2023-06-04,2023-06-11,CUST-000147,Customer CUST-000147,V0023,MAT-00174,Machinery - Premium,Machinery,LATAM,Argentina,Public Sector,112,1437.03,0.32,in transit,PLT07,PC348,EUR,BATCH-8853,
SO-00100828,2024-11-21,2024-12-18,CUST-000015,Customer CUST-000015,V0043,MAT-00169,Electronics - Premium,Electronics,NA,USA,Public Sector,420,2260.67,0.3,,PLT02,PC970,GBP,BATCH-2371,
